{
  "hasZ" : true,
  "hasM" : true,
  "type" : "FeatureCollection",
  "features" : [
    {
      "type" : "Feature",
      "id" : 0,
      "geometry" : {
        "type" : "Polygon",
        "coordinates" : [
          [
            [
              95.49999999800005,
              5.5412031980000336,
              0,
              null
            ],
            [
              95.499558424000014,
              5.5416021380000018,
              0,
              null
            ],
            [
              95.499296661000116,
              5.5420422910000049,
              0,
              null
            ],
            [
              95.499047376000092,
              5.5423885320000537,
              0,
              null
            ],
            [
              95.49886715300002,
              5.5426840720000818,
              0,
              null
            ],
            [
              95.498680848000063,
              5.5431366290000454,
              0,
              null
            ],
            [
              95.498519266000102,
              5.5434913809999991,
              0,
              null
            ],
            [
              95.49833253700011,
              5.5438436000000983,
              0,
              null
            ],
            [
              95.498182999000079,
              5.5440009830000641,
              0,
              null
            ],
            [
              95.498122395000038,
              5.544459250000056,
              0,
              null
            ],
            [
              95.498059625000081,
              5.5449854599999853,
              0,
              null
            ],
            [
              95.498048966000084,
              5.5453664600000678,
              0,
              null
            ],
            [
              95.498050622000051,
              5.5457598910000243,
              0,
              null
            ],
            [
              95.497958796000006,
              5.5462288530001018,
              0,
              null
            ],
            [
              95.497898412000069,
              5.5465937400000058,
              0,
              null
            ],
            [
              95.497861935000074,
              5.5468123380000627,
              0,
              null
            ],
            [
              95.497831116,
              5.5469188099999904,
              0,
              null
            ],
            [
              95.497793878000039,
              5.5469564139999932,
              0,
              null
            ],
            [
              95.497675261000083,
              5.5470318100000142,
              0,
              null
            ],
            [
              95.497532068000041,
              5.5470948280000769,
              0,
              null
            ],
            [
              95.497319949000072,
              5.5472407130000683,
              0,
              null
            ],
            [
              95.497077196000063,
              5.5473915280000234,
              0,
              null
            ],
            [
              95.496735418000029,
              5.5476116550000292,
              0,
              null
            ],
            [
              95.496610641000103,
              5.547826065000006,
              0,
              null
            ],
            [
              95.496281062000008,
              5.5481772070000162,
              0,
              null
            ],
            [
              95.495808993000111,
              5.5489041460000337,
              0,
              null
            ],
            [
              95.495219937000044,
              5.5480539810000344,
              0,
              null
            ],
            [
              95.494946382000066,
              5.5475863220000647,
              0,
              null
            ],
            [
              95.494617343000101,
              5.5473371000000498,
              0,
              null
            ],
            [
              95.494434307000063,
              5.5471098270000745,
              0,
              null
            ],
            [
              95.4943134600001,
              5.5466547240000779,
              0,
              null
            ],
            [
              95.494247671000068,
              5.5461717839999984,
              0,
              null
            ],
            [
              95.494063372000099,
              5.5456437360000059,
              0,
              null
            ],
            [
              95.493878103000043,
              5.5453226110000813,
              0,
              null
            ],
            [
              95.493741545000034,
              5.5452137250000426,
              0,
              null
            ],
            [
              95.493439502000086,
              5.5449689490000402,
              0,
              null
            ],
            [
              95.493110560000048,
              5.5447422900000269,
              0,
              null
            ],
            [
              95.492708237000059,
              5.5444139190000357,
              0,
              null
            ],
            [
              95.492416233000057,
              5.5442238300000284,
              0,
              null
            ],
            [
              95.492260785999989,
              5.54414238800004,
              0,
              null
            ],
            [
              95.492205879000068,
              5.5440605230000166,
              0,
              null
            ],
            [
              95.492168714000101,
              5.5439697010000515,
              0,
              null
            ],
            [
              95.492140974000023,
              5.5437873810000653,
              0,
              null
            ],
            [
              95.492149444000106,
              5.5436142700000417,
              0,
              null
            ],
            [
              95.492211824000023,
              5.5432856200000273,
              0,
              null
            ],
            [
              95.492255114000059,
              5.5429368880000389,
              0,
              null
            ],
            [
              95.492263621000049,
              5.5427728980000595,
              0,
              null
            ],
            [
              95.4922631620001,
              5.542663437000062,
              0,
              null
            ],
            [
              95.492262703000065,
              5.5425539770000647,
              0,
              null
            ],
            [
              95.492251155000076,
              5.5421394610000512,
              0,
              null
            ],
            [
              95.492212258000066,
              5.5419281420000637,
              0,
              null
            ],
            [
              95.492179601000018,
              5.5417427219999986,
              0,
              null
            ],
            [
              95.492153047000045,
              5.5415505550000859,
              0,
              null
            ],
            [
              95.492075824000054,
              5.5414099720000891,
              0,
              null
            ],
            [
              95.491947239000069,
              5.5413015310000873,
              0,
              null
            ],
            [
              95.491684397000085,
              5.5411938950000632,
              0,
              null
            ],
            [
              95.491344896000058,
              5.5410801010000625,
              0,
              null
            ],
            [
              95.490773813000061,
              5.5408568590000655,
              0,
              null
            ],
            [
              95.490497801000046,
              5.5406787030000686,
              0,
              null
            ],
            [
              95.490195745000008,
              5.5404300830000146,
              0,
              null
            ],
            [
              95.489945348000077,
              5.5402198930000317,
              0,
              null
            ],
            [
              95.489611200000056,
              5.5399200370000905,
              0,
              null
            ],
            [
              95.489431430000096,
              5.5397397950000986,
              0,
              null
            ],
            [
              95.48927379200002,
              5.5395738650000474,
              0,
              null
            ],
            [
              95.489133149000025,
              5.5393675330001173,
              0,
              null
            ],
            [
              95.489078804000059,
              5.5392731820000378,
              0,
              null
            ],
            [
              95.489006305000004,
              5.539088889000066,
              0,
              null
            ],
            [
              95.488901561000048,
              5.53881735400007,
              0,
              null
            ],
            [
              95.488828684000055,
              5.538543043000022,
              0,
              null
            ],
            [
              95.488773492000107,
              5.5382463340000747,
              0,
              null
            ],
            [
              95.488690620000085,
              5.5377809860000298,
              0,
              null
            ],
            [
              95.488626101000079,
              5.5374528690000595,
              0,
              null
            ],
            [
              95.488589677000093,
              5.5372458600000733,
              0,
              null
            ],
            [
              95.488512760000035,
              5.5367382380000834,
              0,
              null
            ],
            [
              95.488485573999995,
              5.5365412710000399,
              0,
              null
            ],
            [
              95.488430801000092,
              5.5363444210000061,
              0,
              null
            ],
            [
              95.488408283000084,
              5.5362372140000176,
              0,
              null
            ],
            [
              95.488273219000106,
              5.5360450220000139,
              0,
              null
            ],
            [
              95.488151291000051,
              5.5359156660000579,
              0,
              null
            ],
            [
              95.488007363000051,
              5.5358027280000393,
              0,
              null
            ],
            [
              95.487850643000044,
              5.535709286000035,
              0,
              null
            ],
            [
              95.487541180000022,
              5.5355941620000131,
              0,
              null
            ],
            [
              95.48719045200005,
              5.5354336010000509,
              0,
              null
            ],
            [
              95.486814149000082,
              5.5353144360000499,
              0,
              null
            ],
            [
              95.486276762000031,
              5.5352314730000245,
              0,
              null
            ],
            [
              95.485900852000015,
              5.5352061650000621,
              0,
              null
            ],
            [
              95.485492390000061,
              5.5351668310000051,
              0,
              null
            ],
            [
              95.48518822500003,
              5.5351457820000398,
              0,
              null
            ],
            [
              95.484910177000117,
              5.5350662910000352,
              0,
              null
            ],
            [
              95.484744205000055,
              5.5349594449999877,
              0,
              null
            ],
            [
              95.484640110000058,
              5.5348424960000813,
              0,
              null
            ],
            [
              95.484491728000037,
              5.5346906870000439,
              0,
              null
            ],
            [
              95.48437961000009,
              5.5345612900000845,
              0,
              null
            ],
            [
              95.484333960000043,
              5.534493307000055,
              0,
              null
            ],
            [
              95.484234362000066,
              5.534278640000057,
              0,
              null
            ],
            [
              95.484166287000022,
              5.5339788620000334,
              0,
              null
            ],
            [
              95.484138131000094,
              5.5336959600000739,
              0,
              null
            ],
            [
              95.484128280000078,
              5.533539249000075,
              0,
              null
            ],
            [
              95.484184725000034,
              5.5332557530000663,
              0,
              null
            ],
            [
              95.484224138000101,
              5.5330047349999916,
              0,
              null
            ],
            [
              95.484258779000044,
              5.5327851840000335,
              0,
              null
            ],
            [
              95.484284444000124,
              5.5326182420000762,
              0,
              null
            ],
            [
              95.484238794000078,
              5.5324035879999904,
              0,
              null
            ],
            [
              95.484144437000083,
              5.5322695550000027,
              0,
              null
            ],
            [
              95.484040847000031,
              5.5321266790000827,
              0,
              null
            ],
            [
              95.48390196600009,
              5.5319004130001019,
              0,
              null
            ],
            [
              95.483862827000053,
              5.531776952000012,
              0,
              null
            ],
            [
              95.483815890000074,
              5.5315474190000273,
              0,
              null
            ],
            [
              95.483836114000056,
              5.5313987440000716,
              0,
              null
            ],
            [
              95.483892640000121,
              5.5312818420000802,
              0,
              null
            ],
            [
              95.483945023000018,
              5.5312004860000101,
              0,
              null
            ],
            [
              95.484039455000101,
              5.5310587010000916,
              0,
              null
            ],
            [
              95.484127409000095,
              5.5309805560000207,
              0,
              null
            ],
            [
              95.484211456000125,
              5.5308476960000412,
              0,
              null
            ],
            [
              95.484239273000114,
              5.5307556400000628,
              0,
              null
            ],
            [
              95.484221007000116,
              5.5306390530000975,
              0,
              null
            ],
            [
              95.484192454000052,
              5.5305544340000239,
              0,
              null
            ],
            [
              95.484139481000028,
              5.5304944040000308,
              0,
              null
            ],
            [
              95.4840577840001,
              5.5304558580000389,
              0,
              null
            ],
            [
              95.483739681000074,
              5.5303263630000714,
              0,
              null
            ],
            [
              95.48339198700009,
              5.5301573830000343,
              0,
              null
            ],
            [
              95.483172703000065,
              5.530055800000067,
              0,
              null
            ],
            [
              95.482971050000074,
              5.5299188550001048,
              0,
              null
            ],
            [
              95.482761290000042,
              5.5297490570000889,
              0,
              null
            ],
            [
              95.482683080000044,
              5.5296646470000326,
              0,
              null
            ],
            [
              95.482576611000027,
              5.5295661920000576,
              0,
              null
            ],
            [
              95.482484692000071,
              5.5294285470000375,
              0,
              null
            ],
            [
              95.482370277000101,
              5.5291887350000906,
              0,
              null
            ],
            [
              95.482249074000023,
              5.5289381500000516,
              0,
              null
            ],
            [
              95.482148946000081,
              5.5287431680000836,
              0,
              null
            ],
            [
              95.482088559000061,
              5.5286692450000956,
              0,
              null
            ],
            [
              95.482017720000059,
              5.5285881640000483,
              0,
              null
            ],
            [
              95.481953830000108,
              5.5285565040000932,
              0,
              null
            ],
            [
              95.481893693000103,
              5.5285425930000969,
              0,
              null
            ],
            [
              95.481791286000075,
              5.5285360600000004,
              0,
              null
            ],
            [
              95.481717123000067,
              5.5285399710000576,
              0,
              null
            ],
            [
              95.481590399000055,
              5.5285827500000444,
              0,
              null
            ],
            [
              95.481233391000004,
              5.5286793040000397,
              0,
              null
            ],
            [
              95.48090849300003,
              5.528684264000006,
              0,
              null
            ],
            [
              95.480653948000025,
              5.5286536420000481,
              0,
              null
            ],
            [
              95.480448808000105,
              5.5285625600000614,
              0,
              null
            ],
            [
              95.480271825000031,
              5.5284607990000794,
              0,
              null
            ],
            [
              95.480148086,
              5.5283374499999987,
              0,
              null
            ],
            [
              95.480071435000056,
              5.5281853370000249,
              0,
              null
            ],
            [
              95.480040086000031,
              5.5280181530000476,
              0,
              null
            ],
            [
              95.479963880000042,
              5.5278259500000431,
              0,
              null
            ],
            [
              95.479904412000096,
              5.5276783279999968,
              0,
              null
            ],
            [
              95.479823084000017,
              5.5275809670000235,
              0,
              null
            ],
            [
              95.47973012500006,
              5.5274879750000565,
              0,
              null
            ],
            [
              95.479554260000072,
              5.5273602830000605,
              0,
              null
            ],
            [
              95.479375203000089,
              5.5272021180000301,
              0,
              null
            ],
            [
              95.479226810000071,
              5.5270464640000299,
              0,
              null
            ],
            [
              95.479058795000114,
              5.5268899320000457,
              0,
              null
            ],
            [
              95.478879447000011,
              5.5266619130000976,
              0,
              null
            ],
            [
              95.478817794000065,
              5.526578392000026,
              0,
              null
            ],
            [
              95.478769513000074,
              5.526466971000044,
              0,
              null
            ],
            [
              95.478738246000063,
              5.5263192300000767,
              0,
              null
            ],
            [
              95.478721044000054,
              5.526163268000051,
              0,
              null
            ],
            [
              95.478737016000039,
              5.526023731000052,
              0,
              null
            ],
            [
              95.47877756900003,
              5.5257511040000544,
              0,
              null
            ],
            [
              95.478810741000103,
              5.5256198970000341,
              0,
              null
            ],
            [
              95.478832497000042,
              5.5255444300000072,
              0,
              null
            ],
            [
              95.4788320910001,
              5.5254469710000258,
              0,
              null
            ],
            [
              95.478756802000078,
              5.5253272600000685,
              0,
              null
            ],
            [
              95.478603099000068,
              5.5252217990000467,
              0,
              null
            ],
            [
              95.478386749000023,
              5.5250877940000613,
              0,
              null
            ],
            [
              95.478135260999991,
              5.5249076050000738,
              0,
              null
            ],
            [
              95.478003664000113,
              5.524810453000029,
              0,
              null
            ],
            [
              95.477813968000049,
              5.5247471510000317,
              0,
              null
            ],
            [
              95.477617769000076,
              5.524741969000047,
              0,
              null
            ],
            [
              95.477355989000088,
              5.5247401809999879,
              0,
              null
            ],
            [
              95.477129846000111,
              5.5247579280000352,
              0,
              null
            ],
            [
              95.476923795000033,
              5.5247419850000483,
              0,
              null
            ],
            [
              95.476784378000048,
              5.5246811140000744,
              0,
              null
            ],
            [
              95.476622154000026,
              5.5245898500000727,
              0,
              null
            ],
            [
              95.4765242860001,
              5.5244954389999883,
              0,
              null
            ],
            [
              95.476476699000074,
              5.5244034570001048,
              0,
              null
            ],
            [
              95.476445560000073,
              5.524286441000104,
              0,
              null
            ],
            [
              95.476375031000018,
              5.5239847510000999,
              0,
              null
            ],
            [
              95.476330114000021,
              5.5237974580000575,
              0,
              null
            ],
            [
              95.476280515000013,
              5.5236639560000249,
              0,
              null
            ],
            [
              95.47618911299999,
              5.5233549100000339,
              0,
              null
            ],
            [
              95.47613513000006,
              5.5231991010000208,
              0,
              null
            ],
            [
              95.476085383000026,
              5.5230298320000486,
              0,
              null
            ],
            [
              95.476058392000098,
              5.5228782330000286,
              0,
              null
            ],
            [
              95.476022077000025,
              5.5226957040000251,
              0,
              null
            ],
            [
              95.476021336000059,
              5.5225173480001004,
              0,
              null
            ],
            [
              95.476068673000071,
              5.5222538140000559,
              0,
              null
            ],
            [
              95.476134753000025,
              5.5220751800000194,
              0,
              null
            ],
            [
              95.47623723500007,
              5.5219520870000487,
              0,
              null
            ],
            [
              95.476276285000012,
              5.5217601220000638,
              0,
              null
            ],
            [
              95.476284739999997,
              5.5215817280000472,
              0,
              null
            ],
            [
              95.47627909600007,
              5.5214033940000355,
              0,
              null
            ],
            [
              95.476229554000057,
              5.5211359420000221,
              0,
              null
            ],
            [
              95.476147290000085,
              5.5208129360000306,
              0,
              null
            ],
            [
              95.476092472000076,
              5.5206035990000295,
              0,
              null
            ],
            [
              95.476038435000049,
              5.5204343470000588,
              0,
              null
            ],
            [
              95.475931211000059,
              5.520301085000046,
              0,
              null
            ],
            [
              95.475823596000041,
              5.5202211160000907,
              0,
              null
            ],
            [
              95.475699112000129,
              5.5202127530001093,
              0,
              null
            ],
            [
              95.475547804000044,
              5.5202402690000767,
              0,
              null
            ],
            [
              95.47544089200008,
              5.5203297750000218,
              0,
              null
            ],
            [
              95.475258484999998,
              5.5203975090001194,
              0,
              null
            ],
            [
              95.475165266000019,
              5.5203890160000384,
              0,
              null
            ],
            [
              95.474968465000075,
              5.5202381230000768,
              0,
              null
            ],
            [
              95.474829103999994,
              5.5200425800000623,
              0,
              null
            ],
            [
              95.474784133000099,
              5.5198420850000822,
              0,
              null
            ],
            [
              95.474814731000052,
              5.5196813630001067,
              0,
              null
            ],
            [
              95.474849205000069,
              5.5195679140000458,
              0,
              null
            ],
            [
              95.474857863000068,
              5.5194384899999953,
              0,
              null
            ],
            [
              95.474834626000103,
              5.5193048770000424,
              0,
              null
            ],
            [
              95.474745273000082,
              5.5191936260000745,
              0,
              null
            ],
            [
              95.474602752000095,
              5.5191229240000865,
              0,
              null
            ],
            [
              95.474325083000039,
              5.5189850900000508,
              0,
              null
            ],
            [
              95.474012547000115,
              5.5188658850000465,
              0,
              null
            ],
            [
              95.473686342000036,
              5.518702327000014,
              0,
              null
            ],
            [
              95.473449637000087,
              5.5185381560000195,
              0,
              null
            ],
            [
              95.473329113000062,
              5.5184495990000642,
              0,
              null
            ],
            [
              95.473252892000062,
              5.5184007050000154,
              0,
              null
            ],
            [
              95.473132552000052,
              5.518356557000093,
              0,
              null
            ],
            [
              95.472927651000063,
              5.518321881000066,
              0,
              null
            ],
            [
              95.47281111800001,
              5.5183089240000598,
              0,
              null
            ],
            [
              95.472414909000094,
              5.5184130740000619,
              0,
              null
            ],
            [
              95.472152451000042,
              5.5185435550000221,
              0,
              null
            ],
            [
              95.471863503000023,
              5.5186426990000541,
              0,
              null
            ],
            [
              95.471591666000094,
              5.5187285680000535,
              0,
              null
            ],
            [
              95.471422671000056,
              5.5187784810000089,
              0,
              null
            ],
            [
              95.471177549000032,
              5.5188018260000753,
              0,
              null
            ],
            [
              95.471048607000014,
              5.5187531510000447,
              0,
              null
            ],
            [
              95.470834177000128,
              5.5186380980000287,
              0,
              null
            ],
            [
              95.470704290000043,
              5.5185092490000258,
              0,
              null
            ],
            [
              95.470591061000079,
              5.5184060170000997,
              0,
              null
            ],
            [
              95.470528738999988,
              5.518308334000011,
              0,
              null
            ],
            [
              95.470430283000013,
              5.5182194440000281,
              0,
              null
            ],
            [
              95.470282951000087,
              5.5181710860000237,
              0,
              null
            ],
            [
              95.470011319000079,
              5.5181587720000707,
              0,
              null
            ],
            [
              95.469632555000004,
              5.5181826710000053,
              0,
              null
            ],
            [
              95.469422729000044,
              5.5181434540000467,
              0,
              null
            ],
            [
              95.469217753000052,
              5.51809077400004,
              0,
              null
            ],
            [
              95.469061395000082,
              5.5179351490000421,
              0,
              null
            ],
            [
              95.468975500000084,
              5.5177705890001043,
              0,
              null
            ],
            [
              95.468853432000017,
              5.5174568669999928,
              0,
              null
            ],
            [
              95.468691598000035,
              5.5171629940000138,
              0,
              null
            ],
            [
              95.468570373000048,
              5.516904960000069,
              0,
              null
            ],
            [
              95.468530138000091,
              5.5168115070000638,
              0,
              null
            ],
            [
              95.468435154000048,
              5.5166724300000141,
              0,
              null
            ],
            [
              95.468331461999995,
              5.5165033830000603,
              0,
              null
            ],
            [
              95.468273616000005,
              5.5164500910000029,
              0,
              null
            ],
            [
              95.468171071000043,
              5.5164101880000764,
              0,
              null
            ],
            [
              95.468032470000125,
              5.5163975610000975,
              0,
              null
            ],
            [
              95.467921566000101,
              5.5164112239999845,
              0,
              null
            ],
            [
              95.467765573000065,
              5.5164922890000305,
              0,
              null
            ],
            [
              95.467471791000008,
              5.516608494000053,
              0,
              null
            ],
            [
              95.466959006000124,
              5.5166898410000336,
              0,
              null
            ],
            [
              95.46665790200008,
              5.5166663650000451,
              0,
              null
            ],
            [
              95.466474931000036,
              5.516597989000072,
              0,
              null
            ],
            [
              95.466360619000085,
              5.5165290870000554,
              0,
              null
            ],
            [
              95.466241752000116,
              5.5163963509999974,
              0,
              null
            ],
            [
              95.466192260000099,
              5.5162878119999874,
              0,
              null
            ],
            [
              95.466171519000071,
              5.5161642700000684,
              0,
              null
            ],
            [
              95.466131774000075,
              5.516040807000067,
              0,
              null
            ],
            [
              95.466131529000052,
              5.5159815150000462,
              0,
              null
            ],
            [
              95.466150820000053,
              5.5159024570000774,
              0,
              null
            ],
            [
              95.46617511700002,
              5.5158481050000212,
              0,
              null
            ],
            [
              95.466184700000014,
              5.5157935730000389,
              0,
              null
            ],
            [
              95.466184597999998,
              5.5157688470000359,
              0,
              null
            ],
            [
              95.466144665000073,
              5.5156000150000999,
              0,
              null
            ],
            [
              95.46609938400006,
              5.5154717750000586,
              0,
              null
            ],
            [
              95.466035342000083,
              5.5154029040000445,
              0,
              null
            ],
            [
              95.465921092000045,
              5.5153488860000159,
              0,
              null
            ],
            [
              95.465763072000115,
              5.5152359960000901,
              0,
              null
            ],
            [
              95.465465770000037,
              5.5150939170000584,
              0,
              null
            ],
            [
              95.465272909000063,
              5.5150056570000388,
              0,
              null
            ],
            [
              95.465068764000051,
              5.5148569499999915,
              0,
              null
            ],
            [
              95.464994280000013,
              5.5147830820000969,
              0,
              null
            ],
            [
              95.464914994000111,
              5.5147339590000293,
              0,
              null
            ],
            [
              95.464811208000057,
              5.5146899790000319,
              0,
              null
            ],
            [
              95.464752397000069,
              5.5147000660000671,
              0,
              null
            ],
            [
              95.4647323290001,
              5.5147395170000451,
              0,
              null
            ],
            [
              95.464737724000017,
              5.5148583220001051,
              0,
              null
            ],
            [
              95.464783047000125,
              5.5149964050000726,
              0,
              null
            ],
            [
              95.46480867000011,
              5.5152632390000349,
              0,
              null
            ],
            [
              95.464814329000049,
              5.515445896000049,
              0,
              null
            ],
            [
              95.464697033000022,
              5.5156936380000303,
              0,
              null
            ],
            [
              95.464481059000008,
              5.5159465900000875,
              0,
              null
            ],
            [
              95.464328227000053,
              5.5160509270000162,
              0,
              null
            ],
            [
              95.464219841000059,
              5.5160809030000095,
              0,
              null
            ],
            [
              95.463982637000058,
              5.516091969000037,
              0,
              null
            ],
            [
              95.463785239000075,
              5.5160927870000158,
              0,
              null
            ],
            [
              95.463617266000114,
              5.5160934829999846,
              0,
              null
            ],
            [
              95.463498827000095,
              5.5160642070000492,
              0,
              null
            ],
            [
              95.463370558000051,
              5.5160301699999863,
              0,
              null
            ],
            [
              95.463202320000065,
              5.51596653300005,
              0,
              null
            ],
            [
              95.463098472000098,
              5.5159076700000647,
              0,
              null
            ],
            [
              95.463063285000018,
              5.5158485230000558,
              0,
              null
            ],
            [
              95.463018718000072,
              5.5157450040000171,
              0,
              null
            ],
            [
              95.463018065000099,
              5.5155868100000731,
              0,
              null
            ],
            [
              95.463071319000065,
              5.515418552000007,
              0,
              null
            ],
            [
              95.463091224000024,
              5.515339492000038,
              0,
              null
            ],
            [
              95.463090897000086,
              5.5152602750000561,
              0,
              null
            ],
            [
              95.46306557900003,
              5.5152159700000318,
              0,
              null
            ],
            [
              95.462896110000045,
              5.5151511379999967,
              0,
              null
            ],
            [
              95.462599605000023,
              5.5150537030000173,
              0,
              null
            ],
            [
              95.46238218200007,
              5.5149557010000798,
              0,
              null
            ],
            [
              95.462307658000029,
              5.5148719910000814,
              0,
              null
            ],
            [
              95.462227720000072,
              5.5146646740000698,
              0,
              null
            ],
            [
              95.462216892000072,
              5.5144177030000634,
              0,
              null
            ],
            [
              95.462138875000008,
              5.5134868560000498,
              0,
              null
            ],
            [
              95.462103568000018,
              5.5132498280000668,
              0,
              null
            ],
            [
              95.462078109000046,
              5.5130226020000066,
              0,
              null
            ],
            [
              95.462062130000049,
              5.5128644720000679,
              0,
              null
            ],
            [
              95.462061356000078,
              5.512676752000079,
              0,
              null
            ],
            [
              95.462060602000108,
              5.5124938350000434,
              0,
              null
            ],
            [
              95.462099900000069,
              5.512360202,
              0,
              null
            ],
            [
              95.46215350000007,
              5.5122759610000465,
              0,
              null
            ],
            [
              95.462351165000072,
              5.5121911230000435,
              0,
              null
            ],
            [
              95.462607271000039,
              5.5121554950000267,
              0,
              null
            ],
            [
              95.46289477400002,
              5.512151664000065,
              0,
              null
            ],
            [
              95.463032645000069,
              5.5121362100000297,
              0,
              null
            ],
            [
              95.463131324000059,
              5.5121310010000428,
              0,
              null
            ],
            [
              95.463190604000076,
              5.5120861050000585,
              0,
              null
            ],
            [
              95.463248926000105,
              5.5119574350000704,
              0,
              null
            ],
            [
              95.463248458000066,
              5.5118438910000904,
              0,
              null
            ],
            [
              95.463184397000092,
              5.5117699800000146,
              0,
              null
            ],
            [
              95.463080610000034,
              5.5117259990000171,
              0,
              null
            ],
            [
              95.462932154000015,
              5.511701888000065,
              0,
              null
            ],
            [
              95.462705209000063,
              5.5116730610000779,
              0,
              null
            ],
            [
              95.462556651000028,
              5.5116242240000339,
              0,
              null
            ],
            [
              95.462328868000014,
              5.5115411489999993,
              0,
              null
            ],
            [
              95.462179610000092,
              5.5114711900000728,
              0,
              null
            ],
            [
              95.462061029000054,
              5.5114073460000306,
              0,
              null
            ],
            [
              95.46195714100007,
              5.5113386410000302,
              0,
              null
            ],
            [
              95.461862918000094,
              5.5112350870000775,
              0,
              null
            ],
            [
              95.461812977000051,
              5.5111661580000586,
              0,
              null
            ],
            [
              95.461748693000061,
              5.5110379940000236,
              0,
              null
            ],
            [
              95.461708295999998,
              5.5109046910000963,
              0,
              null
            ],
            [
              95.461688211000109,
              5.5107912280000342,
              0,
              null
            ],
            [
              95.461697490000077,
              5.5106625210000431,
              0,
              null
            ],
            [
              95.461761186000018,
              5.5104992610000352,
              0,
              null
            ],
            [
              95.461839860000055,
              5.5104000330000851,
              0,
              null
            ],
            [
              95.461942893000042,
              5.5102613350000667,
              0,
              null
            ],
            [
              95.462094756000084,
              5.5100708240000245,
              0,
              null
            ],
            [
              95.462213196000036,
              5.5099517470000308,
              0,
              null
            ],
            [
              95.46237522200002,
              5.509847373000099,
              0,
              null
            ],
            [
              95.462503653000084,
              5.509772665000046,
              0,
              null
            ],
            [
              95.462577586000066,
              5.5097130649999997,
              0,
              null
            ],
            [
              95.462656362000104,
              5.5096385630000526,
              0,
              null
            ],
            [
              95.462690488000092,
              5.5095889700000349,
              0,
              null
            ],
            [
              95.46272923300009,
              5.5094702230000685,
              0,
              null
            ],
            [
              95.462738695000084,
              5.5093861650000413,
              0,
              null
            ],
            [
              95.462738187000042,
              5.5092627790000464,
              0,
              null
            ],
            [
              95.462723107000031,
              5.5091737810000545,
              0,
              null
            ],
            [
              95.462683486000046,
              5.5090800840000291,
              0,
              null
            ],
            [
              95.462648170000051,
              5.508989489999994,
              0,
              null
            ],
            [
              95.462558669000018,
              5.5088415060000955,
              0,
              null
            ],
            [
              95.462464326000031,
              5.5087086660001177,
              0,
              null
            ],
            [
              95.462296174000059,
              5.5085165980000355,
              0,
              null
            ],
            [
              95.462117376000009,
              5.5082700820000667,
              0,
              null
            ],
            [
              95.461640297000059,
              5.5076423910000898,
              0,
              null
            ],
            [
              95.461590296000097,
              5.5075585789999941,
              0,
              null
            ],
            [
              95.461451774000096,
              5.5074158399999966,
              0,
              null
            ],
            [
              95.461342227000088,
              5.5073125890000689,
              0,
              null
            ],
            [
              95.461218561000067,
              5.5072043550000842,
              0,
              null
            ],
            [
              95.461117722000068,
              5.5070953060000321,
              0,
              null
            ],
            [
              95.460981600000096,
              5.5069107420000378,
              0,
              null
            ],
            [
              95.46094394699999,
              5.5066156750000488,
              0,
              null
            ],
            [
              95.460903002000066,
              5.5063305370000819,
              0,
              null
            ],
            [
              95.460899951999991,
              5.5062036840000665,
              0,
              null
            ],
            [
              95.460776265000064,
              5.5057925010000623,
              0,
              null
            ],
            [
              95.460699410000103,
              5.5055887720000811,
              0,
              null
            ],
            [
              95.460593575000047,
              5.5053445930000393,
              0,
              null
            ],
            [
              95.460517069000019,
              5.505076767999995,
              0,
              null
            ],
            [
              95.460527782000028,
              5.5048496320000311,
              0,
              null
            ],
            [
              95.460515225000051,
              5.5046283540000189,
              0,
              null
            ],
            [
              95.460506185000014,
              5.5042190969999965,
              0,
              null
            ],
            [
              95.460447532000046,
              5.5041185170000233,
              0,
              null
            ],
            [
              95.460324972000123,
              5.503980991000013,
              0,
              null
            ],
            [
              95.460250315000067,
              5.5038643940000469,
              0,
              null
            ],
            [
              95.460181154000026,
              5.5037427310000169,
              0,
              null
            ],
            [
              95.460068858000071,
              5.5035667540001114,
              0,
              null
            ],
            [
              95.459967289000105,
              5.5034653909999847,
              0,
              null
            ],
            [
              95.459781583000009,
              5.5033270450000842,
              0,
              null
            ],
            [
              95.459665947000033,
              5.5032333010000549,
              0,
              null
            ],
            [
              95.459483429000031,
              5.5031250689999816,
              0,
              null
            ],
            [
              95.458613120000052,
              5.5028763640000093,
              0,
              null
            ],
            [
              95.458155801000046,
              5.5028782500000766,
              0,
              null
            ],
            [
              95.457563089000033,
              5.5029015800000529,
              0,
              null
            ],
            [
              95.457219765000048,
              5.5027469590000493,
              0,
              null
            ],
            [
              95.457062461000092,
              5.5025082730000179,
              0,
              null
            ],
            [
              95.45676699200007,
              5.5014666899999902,
              0,
              null
            ],
            [
              95.456724023000064,
              5.50115455500001,
              0,
              null
            ],
            [
              95.456795265000011,
              5.5007380050000947,
              0,
              null
            ],
            [
              95.456898625000036,
              5.5005294519999808,
              0,
              null
            ],
            [
              95.45796787200004,
              5.5001087879999915,
              0,
              null
            ],
            [
              95.458058013609772,
              5.5000000012000676,
              0,
              null
            ],
            [
              95.466666666666669,
              5.5000000000000497,
              0,
              null
            ],
            [
              95.483333333333363,
              5.5000000000000497,
              0,
              null
            ],
            [
              95.492722912212045,
              5.5000000048000324,
              0,
              null
            ],
            [
              95.492724422000066,
              5.5000224470000418,
              0,
              null
            ],
            [
              95.492714299000028,
              5.5000866960000288,
              0,
              null
            ],
            [
              95.492686917000071,
              5.5001648990000156,
              0,
              null
            ],
            [
              95.492654407000046,
              5.5002596080000359,
              0,
              null
            ],
            [
              95.492627065000093,
              5.500347355000013,
              0,
              null
            ],
            [
              95.492613558000045,
              5.5004307060000706,
              0,
              null
            ],
            [
              95.492607872000107,
              5.500520966000078,
              0,
              null
            ],
            [
              95.492622845000099,
              5.5005816380000354,
              0,
              null
            ],
            [
              95.492659533000037,
              5.5006587060000172,
              0,
              null
            ],
            [
              95.492706496000011,
              5.5007079660000073,
              0,
              null
            ],
            [
              95.492780347000078,
              5.5007683920000332,
              0,
              null
            ],
            [
              95.492888942000008,
              5.5008547030000692,
              0,
              null
            ],
            [
              95.493115537000008,
              5.5009986530000781,
              0,
              null
            ],
            [
              95.493173662000032,
              5.501025307000063,
              0,
              null
            ],
            [
              95.49322915000009,
              5.5010424280000585,
              0,
              null
            ],
            [
              95.493302781000054,
              5.5010499290000574,
              0,
              null
            ],
            [
              95.493392799000034,
              5.5010417430000018,
              0,
              null
            ],
            [
              95.493707721000078,
              5.5009796900001078,
              0,
              null
            ],
            [
              95.493834112000044,
              5.5009730880000056,
              0,
              null
            ],
            [
              95.494150153000092,
              5.5009717659999851,
              0,
              null
            ],
            [
              95.494204790000083,
              5.5009923610000016,
              0,
              null
            ],
            [
              95.494241304000084,
              5.5010277820000901,
              0,
              null
            ],
            [
              95.494263951000093,
              5.5010597900000739,
              0,
              null
            ],
            [
              95.49428061600004,
              5.5011109110000405,
              0,
              null
            ],
            [
              95.494308613000058,
              5.5011802060000896,
              0,
              null
            ],
            [
              95.494356564000029,
              5.5012589620000334,
              0,
              null
            ],
            [
              95.494418250000066,
              5.5013090270000902,
              0,
              null
            ],
            [
              95.494506771000019,
              5.5013572450000829,
              0,
              null
            ],
            [
              95.494610813000094,
              5.5013897800001104,
              0,
              null
            ],
            [
              95.494767701000029,
              5.5014290350000721,
              0,
              null
            ],
            [
              95.495098113000012,
              5.5015517260000983,
              0,
              null
            ],
            [
              95.495165770000099,
              5.5015800750000459,
              0,
              null
            ],
            [
              95.495219657000021,
              5.5016284380000506,
              0,
              null
            ],
            [
              95.495242325000035,
              5.5016656520000211,
              0,
              null
            ],
            [
              95.495246792000046,
              5.501698604000083,
              0,
              null
            ],
            [
              95.495234901000046,
              5.5017541830000631,
              0,
              null
            ],
            [
              95.495233372000101,
              5.5018027780000871,
              0,
              null
            ],
            [
              95.495257916000085,
              5.5018746899999975,
              0,
              null
            ],
            [
              95.495289247000102,
              5.5019127350000367,
              0,
              null
            ],
            [
              95.49534918000009,
              5.5019576020000187,
              0,
              null
            ],
            [
              95.495433389000127,
              5.5020101760000166,
              0,
              null
            ],
            [
              95.495513241000069,
              5.5020558270000635,
              0,
              null
            ],
            [
              95.49559308500001,
              5.5020997420000555,
              0,
              null
            ],
            [
              95.495698076000082,
              5.5021522290000462,
              0,
              null
            ],
            [
              95.495766573000068,
              5.5021745010001126,
              0,
              null
            ],
            [
              95.495833260000083,
              5.5021776930000215,
              0,
              null
            ],
            [
              95.495882527000077,
              5.5021566630000578,
              0,
              null
            ],
            [
              95.495932643000046,
              5.5021312910000901,
              0,
              null
            ],
            [
              95.495982714000007,
              5.5020955080000604,
              0,
              null
            ],
            [
              95.496032812000067,
              5.5020657980000891,
              0,
              null
            ],
            [
              95.496090720000069,
              5.50204039400003,
              0,
              null
            ],
            [
              95.496193693000066,
              5.5020243450000343,
              0,
              null
            ],
            [
              95.496438791000088,
              5.5020372000000322,
              0,
              null
            ],
            [
              95.496487308000013,
              5.5020439380000568,
              0,
              null
            ],
            [
              95.496559208000107,
              5.5020514460000562,
              0,
              null
            ],
            [
              95.496644972000098,
              5.5020614980000886,
              0,
              null
            ],
            [
              95.496752397000108,
              5.5020749310000454,
              0,
              null
            ],
            [
              95.49686672100006,
              5.5020813930000472,
              0,
              null
            ],
            [
              95.49696018300007,
              5.5020688540000755,
              0,
              null
            ],
            [
              95.497072641000045,
              5.5020432210000862,
              0,
              null
            ],
            [
              95.497170408000045,
              5.5020245910000547,
              0,
              null
            ],
            [
              95.497297683000099,
              5.5020223230000447,
              0,
              null
            ],
            [
              95.497843595000063,
              5.5021198140000287,
              0,
              null
            ],
            [
              95.497944966000006,
              5.5021350070000423,
              0,
              null
            ],
            [
              95.498043722000006,
              5.5021458720000531,
              0,
              null
            ],
            [
              95.498138952000076,
              5.5021420030000883,
              0,
              null
            ],
            [
              95.498233274000057,
              5.5021277250000615,
              0,
              null
            ],
            [
              95.498337091000039,
              5.5021064660000789,
              0,
              null
            ],
            [
              95.49861390300002,
              5.5020419680000714,
              0,
              null
            ],
            [
              95.498684781000023,
              5.5020121700000928,
              0,
              null
            ],
            [
              95.498748706000072,
              5.5019763290000583,
              0,
              null
            ],
            [
              95.49883168800001,
              5.5019421430000719,
              0,
              null
            ],
            [
              95.498900881000054,
              5.5019236320000502,
              0,
              null
            ],
            [
              95.498970150000019,
              5.5019233420000262,
              0,
              null
            ],
            [
              95.499023917000017,
              5.5019430720000599,
              0,
              null
            ],
            [
              95.499051715000107,
              5.5019646469999799,
              0,
              null
            ],
            [
              95.499079564000098,
              5.5019983680000166,
              0,
              null
            ],
            [
              95.49909966400007,
              5.5020425340000294,
              0,
              null
            ],
            [
              95.499124984000034,
              5.5020927510000099,
              0,
              null
            ],
            [
              95.49915027200008,
              5.502135160000055,
              0,
              null
            ],
            [
              95.499179001000059,
              5.5021723480000233,
              0,
              null
            ],
            [
              95.499221523000116,
              5.5021947280000987,
              0,
              null
            ],
            [
              95.499286546000079,
              5.5022144110000397,
              0,
              null
            ],
            [
              95.499382776000047,
              5.5022426399999773,
              0,
              null
            ],
            [
              95.499732734000048,
              5.5022767460000459,
              0,
              null
            ],
            [
              95.499826298000059,
              5.5022885000000414,
              0,
              null
            ],
            [
              95.499976191000115,
              5.5023112980000626,
              0,
              null
            ],
            [
              95.499999995000053,
              5.502313701999995,
              0,
              null
            ],
            [
              95.500000000000043,
              5.5166666666667368,
              0,
              null
            ],
            [
              95.500000000000043,
              5.5333333333334238,
              0,
              null
            ],
            [
              95.49999999800005,
              5.5412031980000336,
              0,
              null
            ]
          ]
        ]
      },
      "properties" : {
        "FID" : 0,
        "KDPPUM" : " ",
        "NAMOBJ" : "MONTASIK",
        "REMARK" : "Wilayah Administrasi Kecamatan",
        "KDPBPS" : " ",
        "FCODE" : " ",
        "LUASWH" : 0,
        "UUPP" : " ",
        "SRS_ID" : " ",
        "LCODE" : "BA0080",
        "METADATA" : " ",
        "KDEBPS" : " ",
        "KDEPUM" : " ",
        "KDCBPS" : " ",
        "KDCPUM" : " ",
        "KDBBPS" : " ",
        "KDBPUM" : " ",
        "WADMKD" : " ",
        "WIADKD" : " ",
        "WADMKC" : " ",
        "WIADKC" : " ",
        "WADMKK" : "ACEH BESAR",
        "WIADKK" : " ",
        "WADMPR" : "ACEH",
        "WIADPR" : " ",
        "TIPADM" : 0,
        "Shape_Leng" : 0.50214172323399997,
        "Shape_Area" : 0.0051100691980199998
      }
    }
  ]
}