{
  "hasZ" : true,
  "hasM" : true,
  "type" : "FeatureCollection",
  "features" : [
    {
      "type" : "Feature",
      "id" : 0,
      "geometry" : {
        "type" : "MultiPolygon",
        "coordinates" : [
          [
            [
              [
                95.282450993000054,
                5.5526213760000225,
                0,
                null
              ],
              [
                95.282173941000039,
                5.552674622000076,
                0,
                null
              ],
              [
                95.28193468800005,
                5.5526755460000636,
                0,
                null
              ],
              [
                95.28170225400001,
                5.5526200390000007,
                0,
                null
              ],
              [
                95.281479412000039,
                5.5524968070001073,
                0,
                null
              ],
              [
                95.281186005000009,
                5.5523230820000329,
                0,
                null
              ],
              [
                95.280710820000039,
                5.5520908330000012,
                0,
                null
              ],
              [
                95.280292131000039,
                5.5519105410000051,
                0,
                null
              ],
              [
                95.279891477000021,
                5.5516624920000872,
                0,
                null
              ],
              [
                95.279407822000053,
                5.5514232230000076,
                0,
                null
              ],
              [
                95.278345686000108,
                5.5508068560000794,
                0,
                null
              ],
              [
                95.277904431000096,
                5.5506139570000173,
                0,
                null
              ],
              [
                95.277628196000066,
                5.5505134910000535,
                0,
                null
              ],
              [
                95.277160477000095,
                5.5503926110000883,
                0,
                null
              ],
              [
                95.276087274000119,
                5.5501922740000325,
                0,
                null
              ],
              [
                95.275789007000043,
                5.5501480320000134,
                0,
                null
              ],
              [
                95.275194141000028,
                5.5500597949999957,
                0,
                null
              ],
              [
                95.274586138000075,
                5.5499696100000833,
                0,
                null
              ],
              [
                95.274296029000055,
                5.5499213709999999,
                0,
                null
              ],
              [
                95.273924137000023,
                5.549832553000023,
                0,
                null
              ],
              [
                95.273419686000111,
                5.5496751470000554,
                0,
                null
              ],
              [
                95.27266202100013,
                5.5495483270000427,
                0,
                null
              ],
              [
                95.271653849000117,
                5.5494238790000487,
                0,
                null
              ],
              [
                95.271363719000092,
                5.5493699980000315,
                0,
                null
              ],
              [
                95.271031189000013,
                5.5492697450000854,
                0,
                null
              ],
              [
                95.270698719000038,
                5.5491850030000904,
                0,
                null
              ],
              [
                95.270555097000056,
                5.5491672230000404,
                0,
                null
              ],
              [
                95.269856677000092,
                5.5490754250000833,
                0,
                null
              ],
              [
                95.268528781000001,
                5.5488873320000636,
                0,
                null
              ],
              [
                95.267857101000033,
                5.548795429000009,
                0,
                null
              ],
              [
                95.267654417000045,
                5.5487905660000507,
                0,
                null
              ],
              [
                95.267474267000054,
                5.5487898469999912,
                0,
                null
              ],
              [
                95.267292785000052,
                5.5488088750000557,
                0,
                null
              ],
              [
                95.267135331000077,
                5.5488546040000202,
                0,
                null
              ],
              [
                95.267089054000067,
                5.5488984960000103,
                0,
                null
              ],
              [
                95.266995110000025,
                5.5489905170000746,
                0,
                null
              ],
              [
                95.26694035200002,
                5.5490245710000501,
                0,
                null
              ],
              [
                95.266851746000071,
                5.5490404220001182,
                0,
                null
              ],
              [
                95.266689763000073,
                5.549005790000006,
                0,
                null
              ],
              [
                95.265827482000049,
                5.5487566770000001,
                0,
                null
              ],
              [
                95.265389265000024,
                5.5486215720001013,
                0,
                null
              ],
              [
                95.26497521900005,
                5.5485200970000541,
                0,
                null
              ],
              [
                95.263768068000005,
                5.5482865240000905,
                0,
                null
              ],
              [
                95.263159762000029,
                5.5482056540000606,
                0,
                null
              ],
              [
                95.262726143000037,
                5.5481692390000674,
                0,
                null
              ],
              [
                95.2619507510001,
                5.5481919490000813,
                0,
                null
              ],
              [
                95.261034523000049,
                5.5481898129999934,
                0,
                null
              ],
              [
                95.260793807000113,
                5.5481766320000574,
                0,
                null
              ],
              [
                95.259350642000086,
                5.5480256220000861,
                0,
                null
              ],
              [
                95.258197655000075,
                5.5479411870000277,
                0,
                null
              ],
              [
                95.257738783000036,
                5.5478855910000462,
                0,
                null
              ],
              [
                95.257579951000125,
                5.5478658950000153,
                0,
                null
              ],
              [
                95.257395824000071,
                5.5478564370000321,
                0,
                null
              ],
              [
                95.257159396000048,
                5.547860730000032,
                0,
                null
              ],
              [
                95.257002352000114,
                5.5478733450000099,
                0,
                null
              ],
              [
                95.256938221000055,
                5.5478784960000809,
                0,
                null
              ],
              [
                95.25674407200006,
                5.5478978499999947,
                0,
                null
              ],
              [
                95.256585362000081,
                5.5479102980000476,
                0,
                null
              ],
              [
                95.256440135000048,
                5.5479142420000187,
                0,
                null
              ],
              [
                95.256378400000088,
                5.547915222000011,
                0,
                null
              ],
              [
                95.256148973000023,
                5.5479611070000772,
                0,
                null
              ],
              [
                95.255506519000079,
                5.5481752590000326,
                0,
                null
              ],
              [
                95.254055048000055,
                5.5485559720000026,
                0,
                null
              ],
              [
                95.253472080000051,
                5.5486987400000025,
                0,
                null
              ],
              [
                95.253531566000092,
                5.5485678700000989,
                0,
                null
              ],
              [
                95.25464991300008,
                5.5469379390000633,
                0,
                null
              ],
              [
                95.254792681000069,
                5.5468665550001077,
                0,
                null
              ],
              [
                95.255415071000058,
                5.5465998170000645,
                0,
                null
              ],
              [
                95.255140434000069,
                5.5458281490000765,
                0,
                null
              ],
              [
                95.255088044999994,
                5.5457451480000479,
                0,
                null
              ],
              [
                95.254999011000095,
                5.5456481860000189,
                0,
                null
              ],
              [
                95.254959315000093,
                5.5455721890000369,
                0,
                null
              ],
              [
                95.254743899000033,
                5.5450688590000468,
                0,
                null
              ],
              [
                95.254736374000032,
                5.545051276000013,
                0,
                null
              ],
              [
                95.254217816000022,
                5.545254907000075,
                0,
                null
              ],
              [
                95.254183905000062,
                5.5452706260000433,
                0,
                null
              ],
              [
                95.254119289000045,
                5.5453005770000345,
                0,
                null
              ],
              [
                95.254089603000082,
                5.5453143370000184,
                0,
                null
              ],
              [
                95.253673860000049,
                5.5454300149999973,
                0,
                null
              ],
              [
                95.253302519000059,
                5.5454864260000463,
                0,
                null
              ],
              [
                95.252862072000113,
                5.5455050260000753,
                0,
                null
              ],
              [
                95.252135770000066,
                5.5454838200000971,
                0,
                null
              ],
              [
                95.25103239600007,
                5.5454922510000841,
                0,
                null
              ],
              [
                95.250599011000105,
                5.5455178730000725,
                0,
                null
              ],
              [
                95.249999994000092,
                5.5455665680000159,
                0,
                null
              ],
              [
                95.250000000000014,
                5.5333333333334238,
                0,
                null
              ],
              [
                95.250000000000014,
                5.5210526116819096,
                0,
                null
              ],
              [
                95.250491411000084,
                5.521113001000078,
                0,
                null
              ],
              [
                95.251230146000097,
                5.5213234639999946,
                0,
                null
              ],
              [
                95.251853391000054,
                5.5217021730000653,
                0,
                null
              ],
              [
                95.252442686000052,
                5.5220238320000341,
                0,
                null
              ],
              [
                95.253018681000114,
                5.5223549659999875,
                0,
                null
              ],
              [
                95.253921219000091,
                5.5222380720000857,
                0,
                null
              ],
              [
                95.25457907500008,
                5.5220963370000824,
                0,
                null
              ],
              [
                95.255339260000085,
                5.5219322280000043,
                0,
                null
              ],
              [
                95.256137457000051,
                5.5219398800000157,
                0,
                null
              ],
              [
                95.256918699000039,
                5.5218542270000341,
                0,
                null
              ],
              [
                95.257644304000024,
                5.5217797770000914,
                0,
                null
              ],
              [
                95.258234648000027,
                5.5217192040000533,
                0,
                null
              ],
              [
                95.258810712000084,
                5.5213847730000047,
                0,
                null
              ],
              [
                95.259104193000027,
                5.5212143930000295,
                0,
                null
              ],
              [
                95.259652689000021,
                5.5203516490000553,
                0,
                null
              ],
              [
                95.261153766000064,
                5.5180931490000589,
                0,
                null
              ],
              [
                95.261844742000036,
                5.5169517520000326,
                0,
                null
              ],
              [
                95.261968948000089,
                5.5167005210001179,
                0,
                null
              ],
              [
                95.262643017000087,
                5.5158910360000206,
                0,
                null
              ],
              [
                95.262799896000018,
                5.5152485250000609,
                0,
                null
              ],
              [
                95.263001980000041,
                5.5144210420000732,
                0,
                null
              ],
              [
                95.263182019000098,
                5.513561035000059,
                0,
                null
              ],
              [
                95.263324971000031,
                5.5129879890000737,
                0,
                null
              ],
              [
                95.26346903300005,
                5.5126300360000329,
                0,
                null
              ],
              [
                95.263781306000041,
                5.5116407510000691,
                0,
                null
              ],
              [
                95.264079025000072,
                5.5105510290000552,
                0,
                null
              ],
              [
                95.264148605000045,
                5.5099047550000506,
                0,
                null
              ],
              [
                95.264187010000029,
                5.5095479650000172,
                0,
                null
              ],
              [
                95.264402034000057,
                5.5086870050001018,
                0,
                null
              ],
              [
                95.26461803400008,
                5.507576043000018,
                0,
                null
              ],
              [
                95.264905026000108,
                5.5070029980000328,
                0,
                null
              ],
              [
                95.26519201000005,
                5.5065739970000642,
                0,
                null
              ],
              [
                95.26583700200004,
                5.505857989000063,
                0,
                null
              ],
              [
                95.266303995000044,
                5.5051420200000649,
                0,
                null
              ],
              [
                95.266590979000071,
                5.5047839650000157,
                0,
                null
              ],
              [
                95.267093034000041,
                5.504068037000021,
                0,
                null
              ],
              [
                95.267380017000079,
                5.5036390440000531,
                0,
                null
              ],
              [
                95.267595010000008,
                5.5033520280000197,
                0,
                null
              ],
              [
                95.268170559000026,
                5.5025630850001122,
                0,
                null
              ],
              [
                95.268886011000077,
                5.5018490360000953,
                0,
                null
              ],
              [
                95.270679010000009,
                5.5013520290000066,
                0,
                null
              ],
              [
                95.271468009000017,
                5.5011389950000549,
                0,
                null
              ],
              [
                95.272112978000081,
                5.5010690200000383,
                0,
                null
              ],
              [
                95.272758987000074,
                5.5009270280000138,
                0,
                null
              ],
              [
                95.273404017000061,
                5.5007850290000775,
                0,
                null
              ],
              [
                95.274120971000045,
                5.5006430200000516,
                0,
                null
              ],
              [
                95.274694978000113,
                5.5006449890000368,
                0,
                null
              ],
              [
                95.275269001000098,
                5.5008250360000126,
                0,
                null
              ],
              [
                95.276560040000064,
                5.5010799660000558,
                0,
                null
              ],
              [
                95.279356011000033,
                5.5008709740000832,
                0,
                null
              ],
              [
                95.281938017000058,
                5.5009139960000901,
                0,
                null
              ],
              [
                95.282691002000021,
                5.5010230370000528,
                0,
                null
              ],
              [
                95.28326502600008,
                5.5012039740000134,
                0,
                null
              ],
              [
                95.284161017000059,
                5.5012060520000077,
                0,
                null
              ],
              [
                95.285165010000085,
                5.5011729580000228,
                0,
                null
              ],
              [
                95.285809986000061,
                5.5010670450000525,
                0,
                null
              ],
              [
                95.286885979000004,
                5.5008899900000578,
                0,
                null
              ],
              [
                95.287961963000043,
                5.5007140050000629,
                0,
                null
              ],
              [
                95.288607010000121,
                5.5006430200000516,
                0,
                null
              ],
              [
                95.289323973000108,
                5.500538008000067,
                0,
                null
              ],
              [
                95.290112983000114,
                5.5003959760000392,
                0,
                null
              ],
              [
                95.290687012000006,
                5.5003259920000218,
                0,
                null
              ],
              [
                95.291548020000008,
                5.5005790240000856,
                0,
                null
              ],
              [
                95.291440005000041,
                5.5009020220000764,
                0,
                null
              ],
              [
                95.291225026000021,
                5.5013669680000881,
                0,
                null
              ],
              [
                95.290794012000063,
                5.501832000000018,
                0,
                null
              ],
              [
                95.290399989000065,
                5.5021900460000666,
                0,
                null
              ],
              [
                95.29007698100007,
                5.5025479850000174,
                0,
                null
              ],
              [
                95.289790005000043,
                5.502977001000076,
                0,
                null
              ],
              [
                95.28953898900005,
                5.5032639920000186,
                0,
                null
              ],
              [
                95.28936003700008,
                5.5034420470000072,
                0,
                null
              ],
              [
                95.289252021000024,
                5.5035500470000613,
                0,
                null
              ],
              [
                95.288569982000084,
                5.5042649780000623,
                0,
                null
              ],
              [
                95.287493974000043,
                5.5056249700000564,
                0,
                null
              ],
              [
                95.286311005000044,
                5.5069850070000541,
                0,
                null
              ],
              [
                95.286094965000103,
                5.5074860380000317,
                0,
                null
              ],
              [
                95.285879966000081,
                5.5079879609999942,
                0,
                null
              ],
              [
                95.28552101300005,
                5.5085250320000227,
                0,
                null
              ],
              [
                95.285091021000085,
                5.5090259840000826,
                0,
                null
              ],
              [
                95.284274428000018,
                5.5098743090000184,
                0,
                null
              ],
              [
                95.28336898200007,
                5.510814975000045,
                0,
                null
              ],
              [
                95.282222005000023,
                5.5122819940000127,
                0,
                null
              ],
              [
                95.28146802100008,
                5.5136429770000888,
                0,
                null
              ],
              [
                95.279856885000086,
                5.5160293790000097,
                0,
                null
              ],
              [
                95.279387996000111,
                5.5170439610001125,
                0,
                null
              ],
              [
                95.278742021000127,
                5.5178670310000015,
                0,
                null
              ],
              [
                95.27865015900008,
                5.5185380380000097,
                0,
                null
              ],
              [
                95.278598021000022,
                5.518979023999993,
                0,
                null
              ],
              [
                95.278849005000012,
                5.5205210170000356,
                0,
                null
              ],
              [
                95.279063982000125,
                5.5209880070000388,
                0,
                null
              ],
              [
                95.279243006000101,
                5.5213830080000363,
                0,
                null
              ],
              [
                95.27949402100009,
                5.5219930240000608,
                0,
                null
              ],
              [
                95.27963702000001,
                5.5225310390000786,
                0,
                null
              ],
              [
                95.279851988000033,
                5.523034046000042,
                0,
                null
              ],
              [
                95.280389988000053,
                5.5237519940000261,
                0,
                null
              ],
              [
                95.280999005000083,
                5.5241129610000499,
                0,
                null
              ],
              [
                95.281592072000038,
                5.5241803620000312,
                0,
                null
              ],
              [
                95.281316069000027,
                5.5251327380000497,
                0,
                null
              ],
              [
                95.282245819000039,
                5.5264251690000492,
                0,
                null
              ],
              [
                95.285204236000126,
                5.5272441430000434,
                0,
                null
              ],
              [
                95.285291131000037,
                5.5270438650000813,
                0,
                null
              ],
              [
                95.287048655000063,
                5.5274531600000181,
                0,
                null
              ],
              [
                95.287160029000034,
                5.5281455760000213,
                0,
                null
              ],
              [
                95.287968043000006,
                5.5294306500000339,
                0,
                null
              ],
              [
                95.287523827000115,
                5.5294077780000954,
                0,
                null
              ],
              [
                95.286920019000078,
                5.5292427480000299,
                0,
                null
              ],
              [
                95.286856526000065,
                5.5292407220000399,
                0,
                null
              ],
              [
                95.286814134000011,
                5.5294179850000518,
                0,
                null
              ],
              [
                95.286571439000099,
                5.5293916740000952,
                0,
                null
              ],
              [
                95.286426403000092,
                5.5294081260000354,
                0,
                null
              ],
              [
                95.286113288000109,
                5.5293457600000266,
                0,
                null
              ],
              [
                95.285972053000066,
                5.5306269870000762,
                0,
                null
              ],
              [
                95.285934202000035,
                5.5307742280000021,
                0,
                null
              ],
              [
                95.285913234000077,
                5.5307994200000437,
                0,
                null
              ],
              [
                95.285608796000119,
                5.5307646570000095,
                0,
                null
              ],
              [
                95.285583046000028,
                5.5307870369999961,
                0,
                null
              ],
              [
                95.285572420000037,
                5.5308237330000125,
                0,
                null
              ],
              [
                95.285553956000015,
                5.5310975260000177,
                0,
                null
              ],
              [
                95.285553189000041,
                5.5311042060000375,
                0,
                null
              ],
              [
                95.284606877000087,
                5.5310850010000472,
                0,
                null
              ],
              [
                95.284233475000093,
                5.5310889650000199,
                0,
                null
              ],
              [
                95.284131408000093,
                5.5311209430000901,
                0,
                null
              ],
              [
                95.284056026000073,
                5.5311479710000171,
                0,
                null
              ],
              [
                95.28388824700005,
                5.5311944890000468,
                0,
                null
              ],
              [
                95.283847086000009,
                5.5312991350000011,
                0,
                null
              ],
              [
                95.283714965000101,
                5.5315545919999991,
                0,
                null
              ],
              [
                95.283633436000102,
                5.5326642870000668,
                0,
                null
              ],
              [
                95.283498060000085,
                5.534517285000085,
                0,
                null
              ],
              [
                95.282301456000113,
                5.535103317000079,
                0,
                null
              ],
              [
                95.282573082000027,
                5.5355779930000963,
                0,
                null
              ],
              [
                95.283737958000046,
                5.5374407070000302,
                0,
                null
              ],
              [
                95.283430001000056,
                5.5376512520000425,
                0,
                null
              ],
              [
                95.283249024,
                5.5378396900000908,
                0,
                null
              ],
              [
                95.282750846000084,
                5.5387588350000243,
                0,
                null
              ],
              [
                95.282432789000055,
                5.5394620860000359,
                0,
                null
              ],
              [
                95.281526565000036,
                5.5412617359999921,
                0,
                null
              ],
              [
                95.281304798000079,
                5.5417021350000155,
                0,
                null
              ],
              [
                95.281028898000073,
                5.5422514470000799,
                0,
                null
              ],
              [
                95.281024882000096,
                5.542305048000074,
                0,
                null
              ],
              [
                95.281060184000083,
                5.5423359350000538,
                0,
                null
              ],
              [
                95.282022526000034,
                5.5429907610000555,
                0,
                null
              ],
              [
                95.282128462000102,
                5.5430904730000456,
                0,
                null
              ],
              [
                95.282190830000019,
                5.5432058640000896,
                0,
                null
              ],
              [
                95.282648130000027,
                5.5439134010000117,
                0,
                null
              ],
              [
                95.282790701000096,
                5.5440242520000353,
                0,
                null
              ],
              [
                95.283051288000067,
                5.5442460760000039,
                0,
                null
              ],
              [
                95.283543262000094,
                5.5443797140000477,
                0,
                null
              ],
              [
                95.283995814000065,
                5.5447621400000706,
                0,
                null
              ],
              [
                95.28280966800007,
                5.5459870340000776,
                0,
                null
              ],
              [
                95.282267167000029,
                5.5467090550000435,
                0,
                null
              ],
              [
                95.281659871000059,
                5.5484547020000612,
                0,
                null
              ],
              [
                95.281952173000079,
                5.5493313710000329,
                0,
                null
              ],
              [
                95.283128494000067,
                5.5503021020000602,
                0,
                null
              ],
              [
                95.283967845000063,
                5.5515598500000323,
                0,
                null
              ],
              [
                95.283076436000016,
                5.5526744910000652,
                0,
                null
              ],
              [
                95.282950171000053,
                5.5525052240000932,
                0,
                null
              ],
              [
                95.282928361000117,
                5.5524998510000927,
                0,
                null
              ],
              [
                95.28290509100006,
                5.5524941190000625,
                0,
                null
              ],
              [
                95.282450993000054,
                5.5526213760000225,
                0,
                null
              ]
            ]
          ],
          [
            [
              [
                95.250024262000068,
                5.5643242250000284,
                0,
                null
              ],
              [
                95.250109165000069,
                5.5644193619999953,
                0,
                null
              ],
              [
                95.250164064999993,
                5.5645143390000378,
                0,
                null
              ],
              [
                95.250166166000085,
                5.5646042290000146,
                0,
                null
              ],
              [
                95.250166407000009,
                5.5646676860000248,
                0,
                null
              ],
              [
                95.250161284000029,
                5.5647082480000059,
                0,
                null
              ],
              [
                95.250105181000009,
                5.5647595809999899,
                0,
                null
              ],
              [
                95.250003276000101,
                5.564795224000008,
                0,
                null
              ],
              [
                95.250000036000102,
                5.5647955790000374,
                0,
                null
              ],
              [
                95.249999996000014,
                5.5647955830000377,
                0,
                null
              ],
              [
                95.249999996000014,
                5.564297023000087,
                0,
                null
              ],
              [
                95.250024262000068,
                5.5643242250000284,
                0,
                null
              ]
            ]
          ]
        ]
      },
      "properties" : {
        "FID" : 0,
        "KDPPUM" : " ",
        "NAMOBJ" : "PEUKAN BADA",
        "REMARK" : "Wilayah Administrasi Kecamatan",
        "KDPBPS" : " ",
        "FCODE" : " ",
        "LUASWH" : 0,
        "UUPP" : " ",
        "SRS_ID" : " ",
        "LCODE" : "BA0080",
        "METADATA" : " ",
        "KDEBPS" : " ",
        "KDEPUM" : " ",
        "KDCBPS" : " ",
        "KDCPUM" : " ",
        "KDBBPS" : " ",
        "KDBPUM" : " ",
        "WADMKD" : " ",
        "WIADKD" : " ",
        "WADMKC" : " ",
        "WIADKC" : " ",
        "WADMKK" : "ACEH BESAR",
        "WIADKK" : " ",
        "WADMPR" : "ACEH",
        "WIADPR" : " ",
        "TIPADM" : 0,
        "Shape_Leng" : 0.86806280405199998,
        "Shape_Area" : 0.00525848564513
      }
    }
  ]
}