{
  "hasZ" : true,
  "hasM" : true,
  "type" : "FeatureCollection",
  "features" : [
    {
      "type" : "Feature",
      "id" : 0,
      "geometry" : {
        "type" : "Polygon",
        "coordinates" : [
          [
            [
              95.289323973000108,
              5.500538008000067,
              0,
              null
            ],
            [
              95.288607010000121,
              5.5006430200000516,
              0,
              null
            ],
            [
              95.287961963000043,
              5.5007140050000629,
              0,
              null
            ],
            [
              95.286885979000004,
              5.5008899900000578,
              0,
              null
            ],
            [
              95.285809986000061,
              5.5010670450000525,
              0,
              null
            ],
            [
              95.285165010000085,
              5.5011729580000228,
              0,
              null
            ],
            [
              95.284161017000059,
              5.5012060520000077,
              0,
              null
            ],
            [
              95.28326502600008,
              5.5012039740000134,
              0,
              null
            ],
            [
              95.282691002000021,
              5.5010230370000528,
              0,
              null
            ],
            [
              95.281938017000058,
              5.5009139960000901,
              0,
              null
            ],
            [
              95.279356011000033,
              5.5008709740000832,
              0,
              null
            ],
            [
              95.276560040000064,
              5.5010799660000558,
              0,
              null
            ],
            [
              95.275269001000098,
              5.5008250360000126,
              0,
              null
            ],
            [
              95.274694978000113,
              5.5006449890000368,
              0,
              null
            ],
            [
              95.274120971000045,
              5.5006430200000516,
              0,
              null
            ],
            [
              95.273404017000061,
              5.5007850290000775,
              0,
              null
            ],
            [
              95.272758987000074,
              5.5009270280000138,
              0,
              null
            ],
            [
              95.272112978000081,
              5.5010690200000383,
              0,
              null
            ],
            [
              95.271468009000017,
              5.5011389950000549,
              0,
              null
            ],
            [
              95.270679010000009,
              5.5013520290000066,
              0,
              null
            ],
            [
              95.268886011000077,
              5.5018490360000953,
              0,
              null
            ],
            [
              95.268170559000026,
              5.5025630850001122,
              0,
              null
            ],
            [
              95.267595010000008,
              5.5033520280000197,
              0,
              null
            ],
            [
              95.267380017000079,
              5.5036390440000531,
              0,
              null
            ],
            [
              95.267093034000041,
              5.504068037000021,
              0,
              null
            ],
            [
              95.266590979000071,
              5.5047839650000157,
              0,
              null
            ],
            [
              95.266303995000044,
              5.5051420200000649,
              0,
              null
            ],
            [
              95.26583700200004,
              5.505857989000063,
              0,
              null
            ],
            [
              95.26519201000005,
              5.5065739970000642,
              0,
              null
            ],
            [
              95.264905026000108,
              5.5070029980000328,
              0,
              null
            ],
            [
              95.26461803400008,
              5.507576043000018,
              0,
              null
            ],
            [
              95.264402034000057,
              5.5086870050001018,
              0,
              null
            ],
            [
              95.264187010000029,
              5.5095479650000172,
              0,
              null
            ],
            [
              95.264148605000045,
              5.5099047550000506,
              0,
              null
            ],
            [
              95.264079025000072,
              5.5105510290000552,
              0,
              null
            ],
            [
              95.263781306000041,
              5.5116407510000691,
              0,
              null
            ],
            [
              95.26346903300005,
              5.5126300360000329,
              0,
              null
            ],
            [
              95.263324971000031,
              5.5129879890000737,
              0,
              null
            ],
            [
              95.263182019000098,
              5.513561035000059,
              0,
              null
            ],
            [
              95.263001980000041,
              5.5144210420000732,
              0,
              null
            ],
            [
              95.262799896000018,
              5.5152485250000609,
              0,
              null
            ],
            [
              95.262643017000087,
              5.5158910360000206,
              0,
              null
            ],
            [
              95.261968948000089,
              5.5167005210001179,
              0,
              null
            ],
            [
              95.261844742000036,
              5.5169517520000326,
              0,
              null
            ],
            [
              95.261153766000064,
              5.5180931490000589,
              0,
              null
            ],
            [
              95.259652689000021,
              5.5203516490000553,
              0,
              null
            ],
            [
              95.259104193000027,
              5.5212143930000295,
              0,
              null
            ],
            [
              95.258810712000084,
              5.5213847730000047,
              0,
              null
            ],
            [
              95.258234648000027,
              5.5217192040000533,
              0,
              null
            ],
            [
              95.257644304000024,
              5.5217797770000914,
              0,
              null
            ],
            [
              95.256918699000039,
              5.5218542270000341,
              0,
              null
            ],
            [
              95.256137457000051,
              5.5219398800000157,
              0,
              null
            ],
            [
              95.255339260000085,
              5.5219322280000043,
              0,
              null
            ],
            [
              95.25457907500008,
              5.5220963370000824,
              0,
              null
            ],
            [
              95.253921219000091,
              5.5222380720000857,
              0,
              null
            ],
            [
              95.253018681000114,
              5.5223549659999875,
              0,
              null
            ],
            [
              95.252442686000052,
              5.5220238320000341,
              0,
              null
            ],
            [
              95.251853391000054,
              5.5217021730000653,
              0,
              null
            ],
            [
              95.251230146000097,
              5.5213234639999946,
              0,
              null
            ],
            [
              95.250491411000084,
              5.521113001000078,
              0,
              null
            ],
            [
              95.250000000000014,
              5.5210526116819096,
              0,
              null
            ],
            [
              95.250000000000014,
              5.5166666666667368,
              0,
              null
            ],
            [
              95.250000000000014,
              5.5000000000000497,
              0,
              null
            ],
            [
              95.266666666666694,
              5.5000000000000497,
              0,
              null
            ],
            [
              95.283333333333388,
              5.5000000000000497,
              0,
              null
            ],
            [
              95.289707499992673,
              5.5000000044000856,
              0,
              null
            ],
            [
              95.289323973000108,
              5.500538008000067,
              0,
              null
            ]
          ]
        ]
      },
      "properties" : {
        "FID" : 0,
        "KDPPUM" : " ",
        "NAMOBJ" : "LHOKNGA",
        "REMARK" : "Wilayah Administrasi Kecamatan",
        "KDPBPS" : " ",
        "FCODE" : " ",
        "LUASWH" : 0,
        "UUPP" : " ",
        "SRS_ID" : " ",
        "LCODE" : "BA0080",
        "METADATA" : " ",
        "KDEBPS" : " ",
        "KDEPUM" : " ",
        "KDCBPS" : " ",
        "KDCPUM" : " ",
        "KDBBPS" : " ",
        "KDBPUM" : " ",
        "WADMKD" : " ",
        "WIADKD" : " ",
        "WADMKC" : " ",
        "WIADKC" : " ",
        "WADMKK" : "ACEH BESAR",
        "WIADKK" : " ",
        "WADMPR" : "ACEH",
        "WIADPR" : " ",
        "TIPADM" : 0,
        "Shape_Leng" : 0.48943103346900002,
        "Shape_Area" : 0.0069208110496099999
      }
    }
  ]
}