{
  "hasZ" : true,
  "hasM" : true,
  "type" : "FeatureCollection",
  "features" : [
    {
      "type" : "Feature",
      "id" : 0,
      "geometry" : {
        "type" : "Polygon",
        "coordinates" : [
          [
            [
              95.303901679000049,
              5.5205496230000044,
              0,
              null
            ],
            [
              95.303828683000049,
              5.5205645180000822,
              0,
              null
            ],
            [
              95.302682572000066,
              5.5208217010000453,
              0,
              null
            ],
            [
              95.30090975100002,
              5.5214355540000319,
              0,
              null
            ],
            [
              95.299362547999991,
              5.5234568610000316,
              0,
              null
            ],
            [
              95.297521607000093,
              5.5259057330000587,
              0,
              null
            ],
            [
              95.296396172000044,
              5.5272863750000738,
              0,
              null
            ],
            [
              95.29607778800009,
              5.5276405840000713,
              0,
              null
            ],
            [
              95.294226409000018,
              5.5270336980000394,
              0,
              null
            ],
            [
              95.293698654000053,
              5.5268533600000396,
              0,
              null
            ],
            [
              95.293525129999992,
              5.526858321000006,
              0,
              null
            ],
            [
              95.293124631000083,
              5.5268984920000435,
              0,
              null
            ],
            [
              95.293033488000091,
              5.5271876989999917,
              0,
              null
            ],
            [
              95.293003577000007,
              5.5273126080000239,
              0,
              null
            ],
            [
              95.292967362000027,
              5.5273797110000693,
              0,
              null
            ],
            [
              95.292949221000043,
              5.5274041320000471,
              0,
              null
            ],
            [
              95.292894971000081,
              5.5275230480000275,
              0,
              null
            ],
            [
              95.292879984000081,
              5.5275778930000357,
              0,
              null
            ],
            [
              95.292850294000033,
              5.5277606330000566,
              0,
              null
            ],
            [
              95.292817412000062,
              5.5279038180000022,
              0,
              null
            ],
            [
              95.292784331000078,
              5.5279952600001074,
              0,
              null
            ],
            [
              95.292747917000085,
              5.528010619000046,
              0,
              null
            ],
            [
              95.292644508000052,
              5.5279927560000779,
              0,
              null
            ],
            [
              95.29106103600013,
              5.5274449070000458,
              0,
              null
            ],
            [
              95.290914902000026,
              5.527381552000044,
              0,
              null
            ],
            [
              95.290805335000115,
              5.5273424050000912,
              0,
              null
            ],
            [
              95.290735371000011,
              5.5273274570000979,
              0,
              null
            ],
            [
              95.29069282200004,
              5.5273276210000226,
              0,
              null
            ],
            [
              95.290647278000094,
              5.5273399720000675,
              0,
              null
            ],
            [
              95.290613939000082,
              5.5273644520000502,
              0,
              null
            ],
            [
              95.290601875000064,
              5.5273888480000259,
              0,
              null
            ],
            [
              95.290571753000066,
              5.5274589710000548,
              0,
              null
            ],
            [
              95.290515339000095,
              5.5278061790000059,
              0,
              null
            ],
            [
              95.290465522000062,
              5.5281976240000645,
              0,
              null
            ],
            [
              95.290446177000064,
              5.5282280180000924,
              0,
              null
            ],
            [
              95.290415966000054,
              5.5282454600000257,
              0,
              null
            ],
            [
              95.290348886000089,
              5.5282348910000394,
              0,
              null
            ],
            [
              95.289926918000091,
              5.5281650520000341,
              0,
              null
            ],
            [
              95.28968013700009,
              5.5281010330000662,
              0,
              null
            ],
            [
              95.289561240000026,
              5.5281123210000231,
              0,
              null
            ],
            [
              95.289305315000078,
              5.5292830120000751,
              0,
              null
            ],
            [
              95.289273326000099,
              5.5293716380000362,
              0,
              null
            ],
            [
              95.289249004000041,
              5.5294100620001068,
              0,
              null
            ],
            [
              95.289193170000033,
              5.5293991040000883,
              0,
              null
            ],
            [
              95.289068149000087,
              5.5293884120000918,
              0,
              null
            ],
            [
              95.288967493000101,
              5.5293306880001118,
              0,
              null
            ],
            [
              95.288759754000054,
              5.5292823200000178,
              0,
              null
            ],
            [
              95.288700279000111,
              5.5294859360000785,
              0,
              null
            ],
            [
              95.288280408000006,
              5.5294093310000463,
              0,
              null
            ],
            [
              95.288255875000019,
              5.5294138950000686,
              0,
              null
            ],
            [
              95.288200324000044,
              5.5294766900000241,
              0,
              null
            ],
            [
              95.288164687000034,
              5.5294947080000938,
              0,
              null
            ],
            [
              95.288053048000023,
              5.5294817270000856,
              0,
              null
            ],
            [
              95.287968043000006,
              5.5294306500000339,
              0,
              null
            ],
            [
              95.287160029000034,
              5.5281455760000213,
              0,
              null
            ],
            [
              95.287048655000063,
              5.5274531600000181,
              0,
              null
            ],
            [
              95.285291131000037,
              5.5270438650000813,
              0,
              null
            ],
            [
              95.285204236000126,
              5.5272441430000434,
              0,
              null
            ],
            [
              95.282245819000039,
              5.5264251690000492,
              0,
              null
            ],
            [
              95.281316069000027,
              5.5251327380000497,
              0,
              null
            ],
            [
              95.281592072000038,
              5.5241803620000312,
              0,
              null
            ],
            [
              95.280999005000083,
              5.5241129610000499,
              0,
              null
            ],
            [
              95.280389988000053,
              5.5237519940000261,
              0,
              null
            ],
            [
              95.279851988000033,
              5.523034046000042,
              0,
              null
            ],
            [
              95.27963702000001,
              5.5225310390000786,
              0,
              null
            ],
            [
              95.27949402100009,
              5.5219930240000608,
              0,
              null
            ],
            [
              95.279243006000101,
              5.5213830080000363,
              0,
              null
            ],
            [
              95.279063982000125,
              5.5209880070000388,
              0,
              null
            ],
            [
              95.278849005000012,
              5.5205210170000356,
              0,
              null
            ],
            [
              95.278598021000022,
              5.518979023999993,
              0,
              null
            ],
            [
              95.27865015900008,
              5.5185380380000097,
              0,
              null
            ],
            [
              95.278742021000127,
              5.5178670310000015,
              0,
              null
            ],
            [
              95.279387996000111,
              5.5170439610001125,
              0,
              null
            ],
            [
              95.279856885000086,
              5.5160293790000097,
              0,
              null
            ],
            [
              95.28146802100008,
              5.5136429770000888,
              0,
              null
            ],
            [
              95.282222005000023,
              5.5122819940000127,
              0,
              null
            ],
            [
              95.28336898200007,
              5.510814975000045,
              0,
              null
            ],
            [
              95.284274428000018,
              5.5098743090000184,
              0,
              null
            ],
            [
              95.285091021000085,
              5.5090259840000826,
              0,
              null
            ],
            [
              95.28552101300005,
              5.5085250320000227,
              0,
              null
            ],
            [
              95.285879966000081,
              5.5079879609999942,
              0,
              null
            ],
            [
              95.286094965000103,
              5.5074860380000317,
              0,
              null
            ],
            [
              95.286311005000044,
              5.5069850070000541,
              0,
              null
            ],
            [
              95.287493974000043,
              5.5056249700000564,
              0,
              null
            ],
            [
              95.288569982000084,
              5.5042649780000623,
              0,
              null
            ],
            [
              95.289252021000024,
              5.5035500470000613,
              0,
              null
            ],
            [
              95.28936003700008,
              5.5034420470000072,
              0,
              null
            ],
            [
              95.28953898900005,
              5.5032639920000186,
              0,
              null
            ],
            [
              95.289790005000043,
              5.502977001000076,
              0,
              null
            ],
            [
              95.29007698100007,
              5.5025479850000174,
              0,
              null
            ],
            [
              95.290399989000065,
              5.5021900460000666,
              0,
              null
            ],
            [
              95.290794012000063,
              5.501832000000018,
              0,
              null
            ],
            [
              95.291225026000021,
              5.5013669680000881,
              0,
              null
            ],
            [
              95.291440005000041,
              5.5009020220000764,
              0,
              null
            ],
            [
              95.291548020000008,
              5.5005790240000856,
              0,
              null
            ],
            [
              95.290687012000006,
              5.5003259920000218,
              0,
              null
            ],
            [
              95.290112983000114,
              5.5003959760000392,
              0,
              null
            ],
            [
              95.289323973000108,
              5.500538008000067,
              0,
              null
            ],
            [
              95.289707499992673,
              5.5000000044000856,
              0,
              null
            ],
            [
              95.299999999999983,
              5.5000000000000497,
              0,
              null
            ],
            [
              95.316666666666663,
              5.5000000000000497,
              0,
              null
            ],
            [
              95.333333333333357,
              5.5000000000000497,
              0,
              null
            ],
            [
              95.344382812874557,
              5.5000000048000324,
              0,
              null
            ],
            [
              95.344413319000097,
              5.5004253770000737,
              0,
              null
            ],
            [
              95.344400897000043,
              5.5004874700000599,
              0,
              null
            ],
            [
              95.344236263000099,
              5.5008490990000496,
              0,
              null
            ],
            [
              95.344230932000102,
              5.5009252640000454,
              0,
              null
            ],
            [
              95.34434743100006,
              5.5018288090001093,
              0,
              null
            ],
            [
              95.34444717600006,
              5.5026024129999911,
              0,
              null
            ],
            [
              95.344461112000047,
              5.5029266770000866,
              0,
              null
            ],
            [
              95.344448449000069,
              5.503286297999999,
              0,
              null
            ],
            [
              95.344446375000075,
              5.5034752570000904,
              0,
              null
            ],
            [
              95.344448854000106,
              5.5037488040000753,
              0,
              null
            ],
            [
              95.34422733500007,
              5.5044905530000747,
              0,
              null
            ],
            [
              95.343752982000083,
              5.5060824100000687,
              0,
              null
            ],
            [
              95.343736587000052,
              5.5062079720000661,
              0,
              null
            ],
            [
              95.343738216000105,
              5.506264369000025,
              0,
              null
            ],
            [
              95.343795023000013,
              5.506396693000049,
              0,
              null
            ],
            [
              95.343974843000055,
              5.5066780020000543,
              0,
              null
            ],
            [
              95.344024493000077,
              5.5067793330000896,
              0,
              null
            ],
            [
              95.344060127000006,
              5.5068948200000527,
              0,
              null
            ],
            [
              95.344070480000056,
              5.507023096000097,
              0,
              null
            ],
            [
              95.344077195000082,
              5.5076590180000444,
              0,
              null
            ],
            [
              95.344054912000018,
              5.5077183290000669,
              0,
              null
            ],
            [
              95.343892262000054,
              5.5078684380000524,
              0,
              null
            ],
            [
              95.343862954000031,
              5.5079305970000441,
              0,
              null
            ],
            [
              95.343866150000025,
              5.5080278800000109,
              0,
              null
            ],
            [
              95.343867967000094,
              5.5081322190000286,
              0,
              null
            ],
            [
              95.343858365000102,
              5.5081957110000417,
              0,
              null
            ],
            [
              95.34380375500011,
              5.508265020000092,
              0,
              null
            ],
            [
              95.343732208000048,
              5.5083217050000748,
              0,
              null
            ],
            [
              95.343694512000042,
              5.5083979979999924,
              0,
              null
            ],
            [
              95.343692151000113,
              5.5085136340000567,
              0,
              null
            ],
            [
              95.343705480000054,
              5.5086827920000196,
              0,
              null
            ],
            [
              95.343717135000048,
              5.5087842720000673,
              0,
              null
            ],
            [
              95.343762387000055,
              5.508840497000012,
              0,
              null
            ],
            [
              95.343855385000026,
              5.5088711530000616,
              0,
              null
            ],
            [
              95.34393565100001,
              5.5088849370000474,
              0,
              null
            ],
            [
              95.343996227000048,
              5.5089016200000955,
              0,
              null
            ],
            [
              95.344063914000046,
              5.5089373100000287,
              0,
              null
            ],
            [
              95.34406961500008,
              5.5089556190000337,
              0,
              null
            ],
            [
              95.344219883000079,
              5.5095952050000179,
              0,
              null
            ],
            [
              95.344225683000019,
              5.5096388949999913,
              0,
              null
            ],
            [
              95.344220148000005,
              5.5096628880000225,
              0,
              null
            ],
            [
              95.344199139000054,
              5.5096883520000866,
              0,
              null
            ],
            [
              95.34411070100002,
              5.509743694000047,
              0,
              null
            ],
            [
              95.344072839000077,
              5.5097776850001061,
              0,
              null
            ],
            [
              95.344064545000009,
              5.5098157900000615,
              0,
              null
            ],
            [
              95.344073700000067,
              5.5103558160000681,
              0,
              null
            ],
            [
              95.34407095200001,
              5.5103727480000479,
              0,
              null
            ],
            [
              95.343992391000086,
              5.5104351010000556,
              0,
              null
            ],
            [
              95.343958706000052,
              5.5104577950000682,
              0,
              null
            ],
            [
              95.343915216000099,
              5.5104918080000402,
              0,
              null
            ],
            [
              95.34388866700003,
              5.5105398550000189,
              0,
              null
            ],
            [
              95.343869220000016,
              5.510604796000063,
              0,
              null
            ],
            [
              95.34383018300008,
              5.5106980150000489,
              0,
              null
            ],
            [
              95.343786803000043,
              5.5107602300000451,
              0,
              null
            ],
            [
              95.343716586000085,
              5.5107971680000816,
              0,
              null
            ],
            [
              95.343647672000074,
              5.5108073100000325,
              0,
              null
            ],
            [
              95.343549239000097,
              5.5108260290000715,
              0,
              null
            ],
            [
              95.34349304400007,
              5.5108502220000304,
              0,
              null
            ],
            [
              95.343479083000062,
              5.5108784790000591,
              0,
              null
            ],
            [
              95.343551075000079,
              5.5112352730000929,
              0,
              null
            ],
            [
              95.343590072000012,
              5.5113954750000254,
              0,
              null
            ],
            [
              95.34370801500009,
              5.5118406640000011,
              0,
              null
            ],
            [
              95.343725399000022,
              5.5119675030000153,
              0,
              null
            ],
            [
              95.343728573000107,
              5.5120591460000483,
              0,
              null
            ],
            [
              95.343698350000096,
              5.5122468060000323,
              0,
              null
            ],
            [
              95.343530865000091,
              5.5129581480000915,
              0,
              null
            ],
            [
              95.343525613000097,
              5.5130540550000333,
              0,
              null
            ],
            [
              95.343540039000047,
              5.5131442430000348,
              0,
              null
            ],
            [
              95.3436394350001,
              5.5133708750000459,
              0,
              null
            ],
            [
              95.343654061000066,
              5.5135118260000731,
              0,
              null
            ],
            [
              95.343646060000111,
              5.5136246640000834,
              0,
              null
            ],
            [
              95.343575338000036,
              5.5138914480000416,
              0,
              null
            ],
            [
              95.343541797000015,
              5.5139508040000678,
              0,
              null
            ],
            [
              95.343498367000066,
              5.5140003280000798,
              0,
              null
            ],
            [
              95.343471818000083,
              5.5140483760000585,
              0,
              null
            ],
            [
              95.343472045000013,
              5.5141061880000457,
              0,
              null
            ],
            [
              95.343481097000051,
              5.5142612620000868,
              0,
              null
            ],
            [
              95.343487263000029,
              5.5143980160000332,
              0,
              null
            ],
            [
              95.343489179000102,
              5.5145277360000193,
              0,
              null
            ],
            [
              95.3434643800001,
              5.5146632010000367,
              0,
              null
            ],
            [
              95.343405792000041,
              5.5147945700000705,
              0,
              null
            ],
            [
              95.343372527000042,
              5.5149244290000681,
              0,
              null
            ],
            [
              95.343370360000037,
              5.5150894170000413,
              0,
              null
            ],
            [
              95.343372692000059,
              5.5153248919999847,
              0,
              null
            ],
            [
              95.34336473800002,
              5.5155926060000198,
              0,
              null
            ],
            [
              95.343322615000005,
              5.5162845990000768,
              0,
              null
            ],
            [
              95.343295184000041,
              5.5168799250000404,
              0,
              null
            ],
            [
              95.343292695000102,
              5.5172799110000952,
              0,
              null
            ],
            [
              95.343348005000053,
              5.517986168000089,
              0,
              null
            ],
            [
              95.343605860000082,
              5.5180640840000521,
              0,
              null
            ],
            [
              95.343817005000048,
              5.5181278850000908,
              0,
              null
            ],
            [
              95.343924209000036,
              5.5181923260000936,
              0,
              null
            ],
            [
              95.344001922000075,
              5.5182723940000571,
              0,
              null
            ],
            [
              95.344054389000064,
              5.5183737140000915,
              0,
              null
            ],
            [
              95.344087154000107,
              5.5184751100000433,
              0,
              null
            ],
            [
              95.344446411000078,
              5.5197168240000209,
              0,
              null
            ],
            [
              95.344571941000069,
              5.520083512000074,
              0,
              null
            ],
            [
              95.344936134000093,
              5.5210846430000409,
              0,
              null
            ],
            [
              95.344992767000079,
              5.5211718440000617,
              0,
              null
            ],
            [
              95.345029605000022,
              5.5212351530000596,
              0,
              null
            ],
            [
              95.345048254000048,
              5.5213253240000597,
              0,
              null
            ],
            [
              95.345072644000112,
              5.5216526130000503,
              0,
              null
            ],
            [
              95.34513296300004,
              5.5223993040000146,
              0,
              null
            ],
            [
              95.345171925000074,
              5.5227137670000097,
              0,
              null
            ],
            [
              95.345196186000038,
              5.5227996860000133,
              0,
              null
            ],
            [
              95.345259867000067,
              5.5228896790000874,
              0,
              null
            ],
            [
              95.345725391000116,
              5.5234780870001003,
              0,
              null
            ],
            [
              95.345764770000088,
              5.5235278620000443,
              0,
              null
            ],
            [
              95.345674474000077,
              5.5237830000000159,
              0,
              null
            ],
            [
              95.34562212500002,
              5.5240694540000028,
              0,
              null
            ],
            [
              95.345631045000047,
              5.524190686000086,
              0,
              null
            ],
            [
              95.34568206100009,
              5.5242807290000755,
              0,
              null
            ],
            [
              95.345786491000112,
              5.5243550510000077,
              0,
              null
            ],
            [
              95.345885154000101,
              5.5243941430000447,
              0,
              null
            ],
            [
              95.345957145000028,
              5.5244502620000695,
              0,
              null
            ],
            [
              95.345965822000025,
              5.524509450999993,
              0,
              null
            ],
            [
              95.345950564000105,
              5.5245659150000463,
              0,
              null
            ],
            [
              95.34590282300006,
              5.5245928950000582,
              0,
              null
            ],
            [
              95.345776188000059,
              5.5245976250000943,
              0,
              null
            ],
            [
              95.345566525000038,
              5.5246026840000688,
              0,
              null
            ],
            [
              95.34539627100007,
              5.5246089970000583,
              0,
              null
            ],
            [
              95.3452935480001,
              5.5246108130000309,
              0,
              null
            ],
            [
              95.345256910000089,
              5.5245982670000586,
              0,
              null
            ],
            [
              95.345252516000073,
              5.5245545720000848,
              0,
              null
            ],
            [
              95.345277586000108,
              5.5244881990000998,
              0,
              null
            ],
            [
              95.345322173000071,
              5.5243752160000774,
              0,
              null
            ],
            [
              95.345331669000046,
              5.5242849340000681,
              0,
              null
            ],
            [
              95.345300460000047,
              5.5242216030000684,
              0,
              null
            ],
            [
              95.345211665000065,
              5.5241867020000228,
              0,
              null
            ],
            [
              95.345115961000062,
              5.5241842599999984,
              0,
              null
            ],
            [
              95.345076708000093,
              5.5242224870000527,
              0,
              null
            ],
            [
              95.345047621999996,
              5.5243410490000038,
              0,
              null
            ],
            [
              95.345029894000035,
              5.5244849470000972,
              0,
              null
            ],
            [
              95.345016432000079,
              5.5246401100000568,
              0,
              null
            ],
            [
              95.344959401000068,
              5.5248095450000427,
              0,
              null
            ],
            [
              95.344882596000019,
              5.5249607270000283,
              0,
              null
            ],
            [
              95.344851922000061,
              5.5250055900000099,
              0,
              null
            ],
            [
              95.344776255000014,
              5.5251162560000182,
              0,
              null
            ],
            [
              95.344661388000105,
              5.5252506680000373,
              0,
              null
            ],
            [
              95.344560416000007,
              5.5253399020000487,
              0,
              null
            ],
            [
              95.344450717000086,
              5.5253572560000634,
              0,
              null
            ],
            [
              95.344316879000104,
              5.5253197120000657,
              0,
              null
            ],
            [
              95.344179905000061,
              5.5252003960000522,
              0,
              null
            ],
            [
              95.344044271000115,
              5.5250641540000593,
              0,
              null
            ],
            [
              95.343937215000054,
              5.5250377850000092,
              0,
              null
            ],
            [
              95.343775459000071,
              5.5250581650000967,
              0,
              null
            ],
            [
              95.34361244100009,
              5.5251152120000206,
              0,
              null
            ],
            [
              95.343470597000078,
              5.5251890960000942,
              0,
              null
            ],
            [
              95.34344994900006,
              5.5253062150000147,
              0,
              null
            ],
            [
              95.343450681000022,
              5.5254923430000495,
              0,
              null
            ],
            [
              95.343439296000057,
              5.5258181170000036,
              0,
              null
            ],
            [
              95.343339787999994,
              5.5262796070000846,
              0,
              null
            ],
            [
              95.343311434000057,
              5.5265842970000705,
              0,
              null
            ],
            [
              95.343335264000075,
              5.5269183930000914,
              0,
              null
            ],
            [
              95.343353294000053,
              5.52720879900005,
              0,
              null
            ],
            [
              95.343365428000084,
              5.5274315440000059,
              0,
              null
            ],
            [
              95.343381535000077,
              5.5275908200000394,
              0,
              null
            ],
            [
              95.34340317600001,
              5.5277261030000417,
              0,
              null
            ],
            [
              95.343432961000076,
              5.5277852080000471,
              0,
              null
            ],
            [
              95.343499247000054,
              5.5278216090000392,
              0,
              null
            ],
            [
              95.343610525000017,
              5.5278479609999991,
              0,
              null
            ],
            [
              95.343758486000098,
              5.5278981390000652,
              0,
              null
            ],
            [
              95.343850257000042,
              5.5279739210000294,
              0,
              null
            ],
            [
              95.343897185000017,
              5.528097823000067,
              0,
              null
            ],
            [
              95.343916151000087,
              5.5282683680000559,
              0,
              null
            ],
            [
              95.343929682000052,
              5.5284882880000445,
              0,
              null
            ],
            [
              95.343933729000113,
              5.5285576010000064,
              0,
              null
            ],
            [
              95.341155048000061,
              5.5288265560000553,
              0,
              null
            ],
            [
              95.340552959000078,
              5.528806253000063,
              0,
              null
            ],
            [
              95.340232644000039,
              5.5287842870000219,
              0,
              null
            ],
            [
              95.340200195000108,
              5.5288368320000174,
              0,
              null
            ],
            [
              95.339879664000051,
              5.5288380970000333,
              0,
              null
            ],
            [
              95.339885802000126,
              5.5287332380000613,
              0,
              null
            ],
            [
              95.339702643000066,
              5.52872737100002,
              0,
              null
            ],
            [
              95.339473781000052,
              5.528734863000107,
              0,
              null
            ],
            [
              95.339402163000074,
              5.5288334720000059,
              0,
              null
            ],
            [
              95.339035896000055,
              5.5288349160000365,
              0,
              null
            ],
            [
              95.338787396000015,
              5.5288424040000343,
              0,
              null
            ],
            [
              95.338473372000053,
              5.5288305360000294,
              0,
              null
            ],
            [
              95.338309920000114,
              5.5288442870000125,
              0,
              null
            ],
            [
              95.338120212000049,
              5.5288385270000688,
              0,
              null
            ],
            [
              95.3378782180001,
              5.5288328820000459,
              0,
              null
            ],
            [
              95.337610183000038,
              5.5288667500000059,
              0,
              null
            ],
            [
              95.337413908000059,
              5.5288544170000513,
              0,
              null
            ],
            [
              95.337322388000118,
              5.5288678840000109,
              0,
              null
            ],
            [
              95.337139204000067,
              5.528855499000052,
              0,
              null
            ],
            [
              95.336884033999993,
              5.5288303000000099,
              0,
              null
            ],
            [
              95.336694429000033,
              5.5288506530000951,
              0,
              null
            ],
            [
              95.336393339000082,
              5.5287994220000307,
              0,
              null
            ],
            [
              95.33624942700007,
              5.5288064970000832,
              0,
              null
            ],
            [
              95.336229141000075,
              5.5286231200000095,
              0,
              null
            ],
            [
              95.335861019000092,
              5.5285885130000771,
              0,
              null
            ],
            [
              95.335706718000026,
              5.5285644530000404,
              0,
              null
            ],
            [
              95.335631717000027,
              5.5282928180000361,
              0,
              null
            ],
            [
              95.335360262000037,
              5.5282692100000368,
              0,
              null
            ],
            [
              95.335308643000033,
              5.5276824540000717,
              0,
              null
            ],
            [
              95.33513781000002,
              5.5275392520000359,
              0,
              null
            ],
            [
              95.33500363600011,
              5.5273150240000462,
              0,
              null
            ],
            [
              95.33460959300001,
              5.5272727440001006,
              0,
              null
            ],
            [
              95.334311950000085,
              5.5272651470000049,
              0,
              null
            ],
            [
              95.333678736000095,
              5.5274839879999931,
              0,
              null
            ],
            [
              95.333297551000086,
              5.527532210000075,
              0,
              null
            ],
            [
              95.333298307000049,
              5.5277252450000596,
              0,
              null
            ],
            [
              95.332790581000054,
              5.5277360100000621,
              0,
              null
            ],
            [
              95.332265218000018,
              5.527702913000077,
              0,
              null
            ],
            [
              95.332268712000129,
              5.5281412130000156,
              0,
              null
            ],
            [
              95.331278384000086,
              5.5282857170000703,
              0,
              null
            ],
            [
              95.330936573000045,
              5.5281906400000196,
              0,
              null
            ],
            [
              95.330745367000119,
              5.5285422160000657,
              0,
              null
            ],
            [
              95.330526955000082,
              5.5285576180000078,
              0,
              null
            ],
            [
              95.330385970000052,
              5.5284208050000565,
              0,
              null
            ],
            [
              95.329992849000035,
              5.5286328340001027,
              0,
              null
            ],
            [
              95.329773804000112,
              5.5285810959999964,
              0,
              null
            ],
            [
              95.329670145000065,
              5.528932328000014,
              0,
              null
            ],
            [
              95.32939861400007,
              5.5288895630000283,
              0,
              null
            ],
            [
              95.32932916900009,
              5.5290301860000284,
              0,
              null
            ],
            [
              95.329030831000097,
              5.5290477820000632,
              0,
              null
            ],
            [
              95.328742614000063,
              5.5288933140000722,
              0,
              null
            ],
            [
              95.328868951000032,
              5.5279132910000754,
              0,
              null
            ],
            [
              95.329498955000105,
              5.5230262560000192,
              0,
              null
            ],
            [
              95.32733656200007,
              5.5187978840000156,
              0,
              null
            ],
            [
              95.325818340000041,
              5.5181572420000329,
              0,
              null
            ],
            [
              95.323855856000108,
              5.5173291260000816,
              0,
              null
            ],
            [
              95.323730598000054,
              5.5172938300000034,
              0,
              null
            ],
            [
              95.323071567000056,
              5.5168892160000098,
              0,
              null
            ],
            [
              95.322619896000077,
              5.5166119100000692,
              0,
              null
            ],
            [
              95.321964213000101,
              5.5162043220000072,
              0,
              null
            ],
            [
              95.321024716000082,
              5.516482754000041,
              0,
              null
            ],
            [
              95.318783667000019,
              5.5170662900000949,
              0,
              null
            ],
            [
              95.317829268000096,
              5.5172702900000985,
              0,
              null
            ],
            [
              95.317185809000051,
              5.5175199790000633,
              0,
              null
            ],
            [
              95.316324676000036,
              5.5176707310001021,
              0,
              null
            ],
            [
              95.31326220800004,
              5.5184037730000028,
              0,
              null
            ],
            [
              95.313222726000063,
              5.5183491960000168,
              0,
              null
            ],
            [
              95.313212373000098,
              5.5183012200000441,
              0,
              null
            ],
            [
              95.313200375000079,
              5.5182547780000206,
              0,
              null
            ],
            [
              95.313188552000085,
              5.5181997209999949,
              0,
              null
            ],
            [
              95.313178472000047,
              5.5181778310000489,
              0,
              null
            ],
            [
              95.313151261000101,
              5.518128285000035,
              0,
              null
            ],
            [
              95.313100122000051,
              5.5180424580000391,
              0,
              null
            ],
            [
              95.313074402000055,
              5.5180141210000038,
              0,
              null
            ],
            [
              95.313061659000056,
              5.5179966430000675,
              0,
              null
            ],
            [
              95.313057198000052,
              5.5179766390000111,
              0,
              null
            ],
            [
              95.313057230000055,
              5.5179616250000123,
              0,
              null
            ],
            [
              95.313146528000061,
              5.5175192340000905,
              0,
              null
            ],
            [
              95.313160190000048,
              5.5174342300000738,
              0,
              null
            ],
            [
              95.313172596000086,
              5.517365023000032,
              0,
              null
            ],
            [
              95.313174324000059,
              5.5173359820000272,
              0,
              null
            ],
            [
              95.313176441000053,
              5.5172838630000669,
              0,
              null
            ],
            [
              95.313174153000048,
              5.5172290860000643,
              0,
              null
            ],
            [
              95.313171366000077,
              5.5171988150000466,
              0,
              null
            ],
            [
              95.313160074000038,
              5.5171739380000311,
              0,
              null
            ],
            [
              95.313150106000094,
              5.517150611000055,
              0,
              null
            ],
            [
              95.313143110000055,
              5.5171260780000679,
              0,
              null
            ],
            [
              95.313143954000026,
              5.5170972579999926,
              0,
              null
            ],
            [
              95.313153214000081,
              5.5169910890000011,
              0,
              null
            ],
            [
              95.313163146000107,
              5.5168772149999938,
              0,
              null
            ],
            [
              95.31315811100005,
              5.5168606380000433,
              0,
              null
            ],
            [
              95.313147052000019,
              5.5168328860000564,
              0,
              null
            ],
            [
              95.313137763000057,
              5.5168009500000785,
              0,
              null
            ],
            [
              95.313129146000051,
              5.5167679090000981,
              0,
              null
            ],
            [
              95.313127769000019,
              5.5167452630000895,
              0,
              null
            ],
            [
              95.313128214000059,
              5.5166996580000465,
              0,
              null
            ],
            [
              95.313129779000107,
              5.5166472070000587,
              0,
              null
            ],
            [
              95.313137941000065,
              5.5166025030000903,
              0,
              null
            ],
            [
              95.313163261000028,
              5.5164831870000768,
              0,
              null
            ],
            [
              95.313168507000015,
              5.5163907900000702,
              0,
              null
            ],
            [
              95.312932173000007,
              5.5163985250000884,
              0,
              null
            ],
            [
              95.312802277000088,
              5.5164543060000852,
              0,
              null
            ],
            [
              95.312621666000069,
              5.5165693870001036,
              0,
              null
            ],
            [
              95.31250228100005,
              5.5166454570000028,
              0,
              null
            ],
            [
              95.312483977000042,
              5.5166731900000769,
              0,
              null
            ],
            [
              95.312417943000085,
              5.5167379890000205,
              0,
              null
            ],
            [
              95.312187755000053,
              5.5168923920000061,
              0,
              null
            ],
            [
              95.311974909000114,
              5.5170166660000746,
              0,
              null
            ],
            [
              95.311651299000076,
              5.5172045320000755,
              0,
              null
            ],
            [
              95.3115549770001,
              5.5172786280000778,
              0,
              null
            ],
            [
              95.311359946000039,
              5.5174060940000551,
              0,
              null
            ],
            [
              95.31120145400007,
              5.5174643050000753,
              0,
              null
            ],
            [
              95.311024827000026,
              5.5175367630000309,
              0,
              null
            ],
            [
              95.310891557000005,
              5.5175401840000475,
              0,
              null
            ],
            [
              95.310767155000107,
              5.5174949500000352,
              0,
              null
            ],
            [
              95.310504136000105,
              5.5173876760000411,
              0,
              null
            ],
            [
              95.310217507000104,
              5.5173302060000822,
              0,
              null
            ],
            [
              95.309948314000039,
              5.5172762330000573,
              0,
              null
            ],
            [
              95.309792556000019,
              5.517239275000108,
              0,
              null
            ],
            [
              95.309632171000075,
              5.5172125220000261,
              0,
              null
            ],
            [
              95.309422998000088,
              5.5171776310000702,
              0,
              null
            ],
            [
              95.309234775000064,
              5.5171405330000205,
              0,
              null
            ],
            [
              95.309217163000113,
              5.517212039000075,
              0,
              null
            ],
            [
              95.30917749000011,
              5.5174569680000012,
              0,
              null
            ],
            [
              95.309148572000126,
              5.517651805000046,
              0,
              null
            ],
            [
              95.309126725000084,
              5.5177990080000576,
              0,
              null
            ],
            [
              95.309102195000008,
              5.5179897400001181,
              0,
              null
            ],
            [
              95.309052654000084,
              5.518330937000016,
              0,
              null
            ],
            [
              95.309038344000058,
              5.518472176000067,
              0,
              null
            ],
            [
              95.309031152999992,
              5.5186446090000345,
              0,
              null
            ],
            [
              95.309026935000091,
              5.5187457560000546,
              0,
              null
            ],
            [
              95.30902151300009,
              5.5189647710000571,
              0,
              null
            ],
            [
              95.309026034000013,
              5.5190863030000763,
              0,
              null
            ],
            [
              95.309031302000008,
              5.519156337000009,
              0,
              null
            ],
            [
              95.309041021000013,
              5.5192222580000454,
              0,
              null
            ],
            [
              95.309072768000064,
              5.5193474190000096,
              0,
              null
            ],
            [
              95.304502808000038,
              5.5203767410000886,
              0,
              null
            ],
            [
              95.30439894400007,
              5.5204481520000463,
              0,
              null
            ],
            [
              95.303901679000049,
              5.5205496230000044,
              0,
              null
            ]
          ]
        ]
      },
      "properties" : {
        "FID" : 0,
        "KDPPUM" : " ",
        "NAMOBJ" : "DARUL IMARAH",
        "REMARK" : "Wilayah Administrasi Kecamatan",
        "KDPBPS" : " ",
        "FCODE" : " ",
        "LUASWH" : 0,
        "UUPP" : " ",
        "SRS_ID" : " ",
        "LCODE" : "BA0080",
        "METADATA" : " ",
        "KDEBPS" : " ",
        "KDEPUM" : " ",
        "KDCBPS" : " ",
        "KDCPUM" : " ",
        "KDBBPS" : " ",
        "KDBPUM" : " ",
        "WADMKD" : " ",
        "WIADKD" : " ",
        "WADMKC" : " ",
        "WIADKC" : " ",
        "WADMKK" : "ACEH BESAR",
        "WIADKK" : " ",
        "WADMPR" : "ACEH",
        "WIADPR" : " ",
        "TIPADM" : 0,
        "Shape_Leng" : 0.244163067747,
        "Shape_Area" : 0.00202065644386
      }
    }
  ]
}