{
  "hasZ" : true,
  "hasM" : true,
  "type" : "FeatureCollection",
  "features" : [
    {
      "type" : "Feature",
      "id" : 0,
      "geometry" : {
        "type" : "Polygon",
        "coordinates" : [
          [
            [
              95.325755307000065,
              5.5332285240000338,
              0,
              null
            ],
            [
              95.32378156,
              5.5325319070000383,
              0,
              null
            ],
            [
              95.323561593000107,
              5.5333943340000751,
              0,
              null
            ],
            [
              95.323508741000083,
              5.5335985990001006,
              0,
              null
            ],
            [
              95.323481466000047,
              5.5336645740000527,
              0,
              null
            ],
            [
              95.323449761000091,
              5.5337466020000896,
              0,
              null
            ],
            [
              95.323409577000049,
              5.5338126180000451,
              0,
              null
            ],
            [
              95.323364840000082,
              5.5338679590000943,
              0,
              null
            ],
            [
              95.323299935000122,
              5.5339354830000858,
              0,
              null
            ],
            [
              95.323230524000067,
              5.5339999330000893,
              0,
              null
            ],
            [
              95.323182942000031,
              5.5340426210000686,
              0,
              null
            ],
            [
              95.323159184000119,
              5.5340736730000621,
              0,
              null
            ],
            [
              95.323151433000092,
              5.5341032530001115,
              0,
              null
            ],
            [
              95.323055631000074,
              5.5340994070000598,
              0,
              null
            ],
            [
              95.322975277000083,
              5.5340943800000879,
              0,
              null
            ],
            [
              95.322897171000108,
              5.5340918660000575,
              0,
              null
            ],
            [
              95.322810286000021,
              5.5340708200000925,
              0,
              null
            ],
            [
              95.32269920700007,
              5.5340383260000685,
              0,
              null
            ],
            [
              95.322592282000102,
              5.5340137790000803,
              0,
              null
            ],
            [
              95.322583710000103,
              5.5339439669999884,
              0,
              null
            ],
            [
              95.322575500000042,
              5.5339297530000557,
              0,
              null
            ],
            [
              95.322550747000037,
              5.5339093230000529,
              0,
              null
            ],
            [
              95.322487142000014,
              5.5338963750000474,
              0,
              null
            ],
            [
              95.322307052000042,
              5.5338713100000163,
              0,
              null
            ],
            [
              95.322193867000095,
              5.53385144300006,
              0,
              null
            ],
            [
              95.322154957000066,
              5.533844263999999,
              0,
              null
            ],
            [
              95.322040692000115,
              5.5338135000000293,
              0,
              null
            ],
            [
              95.32191720900002,
              5.5337787849999991,
              0,
              null
            ],
            [
              95.32178995200006,
              5.5337407410000488,
              0,
              null
            ],
            [
              95.321692206000066,
              5.5337105450000372,
              0,
              null
            ],
            [
              95.321540092000092,
              5.5336784640000474,
              0,
              null
            ],
            [
              95.321491961000007,
              5.5336640720000112,
              0,
              null
            ],
            [
              95.321467344000013,
              5.533660259000051,
              0,
              null
            ],
            [
              95.32141809200003,
              5.5336490860000147,
              0,
              null
            ],
            [
              95.321347990999996,
              5.5336304140000685,
              0,
              null
            ],
            [
              95.321275983000078,
              5.5336079609999871,
              0,
              null
            ],
            [
              95.321259134000016,
              5.5336553910000035,
              0,
              null
            ],
            [
              95.321244112000016,
              5.5336857640000296,
              0,
              null
            ],
            [
              95.321227086000121,
              5.5336877250000143,
              0,
              null
            ],
            [
              95.321183496000074,
              5.5336727390000178,
              0,
              null
            ],
            [
              95.321136129000053,
              5.5336596620000904,
              0,
              null
            ],
            [
              95.321094440000067,
              5.5336465640000725,
              0,
              null
            ],
            [
              95.321031903000048,
              5.5336259680000559,
              0,
              null
            ],
            [
              95.320995897000088,
              5.5336147430000153,
              0,
              null
            ],
            [
              95.320950438000054,
              5.5336054470000455,
              0,
              null
            ],
            [
              95.320850034000017,
              5.533581211000083,
              0,
              null
            ],
            [
              95.320744760000096,
              5.5335655430000301,
              0,
              null
            ],
            [
              95.320770203000066,
              5.5334924740001128,
              0,
              null
            ],
            [
              95.320797634000115,
              5.5334045250000301,
              0,
              null
            ],
            [
              95.320697325000083,
              5.5333831070000343,
              0,
              null
            ],
            [
              95.320596998000042,
              5.533357328000033,
              0,
              null
            ],
            [
              95.320501063999998,
              5.5333402540000414,
              0,
              null
            ],
            [
              95.320424665000075,
              5.5333264840000567,
              0,
              null
            ],
            [
              95.320441468000041,
              5.5332667320000866,
              0,
              null
            ],
            [
              95.320446465000018,
              5.5332377219999955,
              0,
              null
            ],
            [
              95.320403863000038,
              5.5332344780000824,
              0,
              null
            ],
            [
              95.320323756000079,
              5.5332245610000612,
              0,
              null
            ],
            [
              95.320241933000062,
              5.5332112380000247,
              0,
              null
            ],
            [
              95.320199317000089,
              5.533204584000007,
              0,
              null
            ],
            [
              95.32012259800004,
              5.5331895370000943,
              0,
              null
            ],
            [
              95.320016904000084,
              5.5331711920000863,
              0,
              null
            ],
            [
              95.319989667000058,
              5.5331764139999855,
              0,
              null
            ],
            [
              95.319984669000092,
              5.5332054240000765,
              0,
              null
            ],
            [
              95.319976218000093,
              5.5332225110000692,
              0,
              null
            ],
            [
              95.319962650000036,
              5.5332379110001,
              0,
              null
            ],
            [
              95.319959362000034,
              5.5332686190000651,
              0,
              null
            ],
            [
              95.319957825000088,
              5.5333112580000403,
              0,
              null
            ],
            [
              95.31995128300008,
              5.5333812020000543,
              0,
              null
            ],
            [
              95.319949639000029,
              5.5333965560000813,
              0,
              null
            ],
            [
              95.319936031000054,
              5.5334017250000649,
              0,
              null
            ],
            [
              95.319925809000011,
              5.5334017650000682,
              0,
              null
            ],
            [
              95.319802358000103,
              5.533381609000088,
              0,
              null
            ],
            [
              95.319661298000071,
              5.533353806000008,
              0,
              null
            ],
            [
              95.319587620000007,
              5.5333347690000316,
              0,
              null
            ],
            [
              95.319562238000046,
              5.5333239980000286,
              0,
              null
            ],
            [
              95.319519960000008,
              5.5333120850000199,
              0,
              null
            ],
            [
              95.319446291000034,
              5.5332954630000657,
              0,
              null
            ],
            [
              95.319376218000102,
              5.5332727890000548,
              0,
              null
            ],
            [
              95.319303756000053,
              5.5332561630000114,
              0,
              null
            ],
            [
              95.319224145000049,
              5.533249333000068,
              0,
              null
            ],
            [
              95.319109319000049,
              5.5332470460000565,
              0,
              null
            ],
            [
              95.31899587100007,
              5.5332474900000932,
              0,
              null
            ],
            [
              95.318931362000072,
              5.5332579640000716,
              0,
              null
            ],
            [
              95.318833063000014,
              5.533254071000016,
              0,
              null
            ],
            [
              95.31877409400002,
              5.533254301000035,
              0,
              null
            ],
            [
              95.31872113499999,
              5.5332613530000856,
              0,
              null
            ],
            [
              95.318659628000049,
              5.5332684380000501,
              0,
              null
            ],
            [
              95.318582702000086,
              5.5332661720000402,
              0,
              null
            ],
            [
              95.318551067000044,
              5.5332628730000337,
              0,
              null
            ],
            [
              95.318509902000102,
              5.5332262480000232,
              0,
              null
            ],
            [
              95.318482477000046,
              5.5332066790000027,
              0,
              null
            ],
            [
              95.318456815000062,
              5.5332007910000485,
              0,
              null
            ],
            [
              95.318380086000019,
              5.5331916310000011,
              0,
              null
            ],
            [
              95.318239561000027,
              5.5331935069999787,
              0,
              null
            ],
            [
              95.318221852000065,
              5.5332095030000588,
              0,
              null
            ],
            [
              95.318102076000017,
              5.5332139490000714,
              0,
              null
            ],
            [
              95.317970784000082,
              5.5332123650000291,
              0,
              null
            ],
            [
              95.317941262000033,
              5.5331974490000384,
              0,
              null
            ],
            [
              95.31792031100008,
              5.5331895220000042,
              0,
              null
            ],
            [
              95.317854872000083,
              5.5331897780000254,
              0,
              null
            ],
            [
              95.317740782000058,
              5.533204054000052,
              0,
              null
            ],
            [
              95.317572146000046,
              5.5332220960000349,
              0,
              null
            ],
            [
              95.317401468000043,
              5.5332018620000483,
              0,
              null
            ],
            [
              95.317215873000052,
              5.5331769750000319,
              0,
              null
            ],
            [
              95.317036725000065,
              5.5331648690000961,
              0,
              null
            ],
            [
              95.316904610000066,
              5.5331618660000252,
              0,
              null
            ],
            [
              95.316890396000034,
              5.533195031000016,
              0,
              null
            ],
            [
              95.31687529200012,
              5.5332293300000117,
              0,
              null
            ],
            [
              95.316691780000042,
              5.5336341890000256,
              0,
              null
            ],
            [
              95.316679761000017,
              5.5336613260000505,
              0,
              null
            ],
            [
              95.31652033000006,
              5.5340300510000944,
              0,
              null
            ],
            [
              95.316505566999993,
              5.5340637890000437,
              0,
              null
            ],
            [
              95.31635613400006,
              5.5344010100000567,
              0,
              null
            ],
            [
              95.316174948000082,
              5.5348078660000581,
              0,
              null
            ],
            [
              95.315795055000095,
              5.535680013000011,
              0,
              null
            ],
            [
              95.315652161000088,
              5.5360210760000754,
              0,
              null
            ],
            [
              95.315637651000031,
              5.5360550840000471,
              0,
              null
            ],
            [
              95.315490917000062,
              5.5363925840000832,
              0,
              null
            ],
            [
              95.315388270000099,
              5.536625906000026,
              0,
              null
            ],
            [
              95.315411343000051,
              5.53664134500006,
              0,
              null
            ],
            [
              95.315399414000041,
              5.5366706250000846,
              0,
              null
            ],
            [
              95.31526716800002,
              5.5369712059999969,
              0,
              null
            ],
            [
              95.315249550000075,
              5.5370085340000657,
              0,
              null
            ],
            [
              95.315228684000033,
              5.5370503410000609,
              0,
              null
            ],
            [
              95.315205500000076,
              5.5370875100000276,
              0,
              null
            ],
            [
              95.315155803000053,
              5.5371944300000813,
              0,
              null
            ],
            [
              95.315029814000098,
              5.5372577810000827,
              0,
              null
            ],
            [
              95.314991522000042,
              5.5373003060000485,
              0,
              null
            ],
            [
              95.314743713000055,
              5.5375870120000563,
              0,
              null
            ],
            [
              95.314708330000059,
              5.537628414000018,
              0,
              null
            ],
            [
              95.314468388000108,
              5.5379107230000173,
              0,
              null
            ],
            [
              95.314435008000004,
              5.5379544410000818,
              0,
              null
            ],
            [
              95.31440244100007,
              5.5379937440000475,
              0,
              null
            ],
            [
              95.314257205000033,
              5.5381626120000753,
              0,
              null
            ],
            [
              95.314143261000112,
              5.5382936460000813,
              0,
              null
            ],
            [
              95.313926498000029,
              5.5385420040000248,
              0,
              null
            ],
            [
              95.313784422000083,
              5.538716111000042,
              0,
              null
            ],
            [
              95.313748675000056,
              5.5387591780000527,
              0,
              null
            ],
            [
              95.313641109000045,
              5.5388876840000272,
              0,
              null
            ],
            [
              95.313604719000054,
              5.5389300570000692,
              0,
              null
            ],
            [
              95.313494754000018,
              5.5390565020000508,
              0,
              null
            ],
            [
              95.313457443000033,
              5.5390986160000715,
              0,
              null
            ],
            [
              95.313382163000114,
              5.5391828030001093,
              0,
              null
            ],
            [
              95.313344962000059,
              5.5392252790000711,
              0,
              null
            ],
            [
              95.313236010000097,
              5.5393550100000581,
              0,
              null
            ],
            [
              95.31312364300004,
              5.5394879100000409,
              0,
              null
            ],
            [
              95.313095195000088,
              5.5395218270000051,
              0,
              null
            ],
            [
              95.312966479000096,
              5.5396841040000204,
              0,
              null
            ],
            [
              95.312932977000074,
              5.5397244960000762,
              0,
              null
            ],
            [
              95.312898281000045,
              5.5397638790000485,
              0,
              null
            ],
            [
              95.312878704000113,
              5.5397868879999983,
              0,
              null
            ],
            [
              95.312864994000037,
              5.5398037010000571,
              0,
              null
            ],
            [
              95.31279759800006,
              5.5398764550000372,
              0,
              null
            ],
            [
              95.312756959000069,
              5.5398195340000349,
              0,
              null
            ],
            [
              95.312678889000011,
              5.5397154370000372,
              0,
              null
            ],
            [
              95.312602782000013,
              5.539617278999998,
              0,
              null
            ],
            [
              95.312513601000006,
              5.5395025500000976,
              0,
              null
            ],
            [
              95.312416240000033,
              5.539378984999999,
              0,
              null
            ],
            [
              95.312294135000059,
              5.5392373020000889,
              0,
              null
            ],
            [
              95.312041377000114,
              5.5389873700000152,
              0,
              null
            ],
            [
              95.311963022000015,
              5.5389144590001109,
              0,
              null
            ],
            [
              95.311871308000065,
              5.5388300840000575,
              0,
              null
            ],
            [
              95.311769383000069,
              5.5387369710000804,
              0,
              null
            ],
            [
              95.311660408000122,
              5.5386378840000532,
              0,
              null
            ],
            [
              95.311547514000011,
              5.5385355670000251,
              0,
              null
            ],
            [
              95.311433860000108,
              5.538432756000045,
              0,
              null
            ],
            [
              95.311322587000049,
              5.5383322230000758,
              0,
              null
            ],
            [
              95.311216846000008,
              5.5382366930000764,
              0,
              null
            ],
            [
              95.311119787000067,
              5.5381489220000972,
              0,
              null
            ],
            [
              95.31103455100002,
              5.53807165300001,
              0,
              null
            ],
            [
              95.310809017000011,
              5.5378650650000587,
              0,
              null
            ],
            [
              95.310637086,
              5.5377043780000861,
              0,
              null
            ],
            [
              95.310492969000066,
              5.5375672180000173,
              0,
              null
            ],
            [
              95.310402636000049,
              5.5374806320000474,
              0,
              null
            ],
            [
              95.310301843000062,
              5.5373838630000343,
              0,
              null
            ],
            [
              95.310196052000009,
              5.537282232000063,
              0,
              null
            ],
            [
              95.310090732000091,
              5.5371810960000438,
              0,
              null
            ],
            [
              95.30999135200004,
              5.5370857770000619,
              0,
              null
            ],
            [
              95.309868240000071,
              5.5369680060000874,
              0,
              null
            ],
            [
              95.309739434000065,
              5.5368451140000445,
              0,
              null
            ],
            [
              95.309610983000098,
              5.5367228350000524,
              0,
              null
            ],
            [
              95.309488916000035,
              5.536606922000054,
              0,
              null
            ],
            [
              95.309364686000066,
              5.5364892010000837,
              0,
              null
            ],
            [
              95.309229752000093,
              5.5363610720000516,
              0,
              null
            ],
            [
              95.30909017000009,
              5.5362277000000297,
              0,
              null
            ],
            [
              95.308952005000023,
              5.5360942590000022,
              0,
              null
            ],
            [
              95.308856757000044,
              5.5360011650001155,
              0,
              null
            ],
            [
              95.308755240000082,
              5.5359013160000252,
              0,
              null
            ],
            [
              95.308652889000058,
              5.5358003130000171,
              0,
              null
            ],
            [
              95.308555156000054,
              5.5357037840000238,
              0,
              null
            ],
            [
              95.308467494000084,
              5.5356173500000665,
              0,
              null
            ],
            [
              95.308395356000062,
              5.5355466100000754,
              0,
              null
            ],
            [
              95.30824814100005,
              5.5354060630000816,
              0,
              null
            ],
            [
              95.308154173999995,
              5.5353196890000405,
              0,
              null
            ],
            [
              95.308114517000007,
              5.5353804510000053,
              0,
              null
            ],
            [
              95.308046003000115,
              5.535462622000054,
              0,
              null
            ],
            [
              95.307970259000058,
              5.5355298170000182,
              0,
              null
            ],
            [
              95.30790046900006,
              5.5355876050000035,
              0,
              null
            ],
            [
              95.307849076000068,
              5.535636905999997,
              0,
              null
            ],
            [
              95.307825495000074,
              5.535685828000048,
              0,
              null
            ],
            [
              95.307807850000032,
              5.5357603620000866,
              0,
              null
            ],
            [
              95.30785439800006,
              5.5359878150000768,
              0,
              null
            ],
            [
              95.307878846000051,
              5.5360783740000201,
              0,
              null
            ],
            [
              95.307910388000082,
              5.5361933300000281,
              0,
              null
            ],
            [
              95.307947571000042,
              5.5363273630000158,
              0,
              null
            ],
            [
              95.307988948000101,
              5.536475165000077,
              0,
              null
            ],
            [
              95.308033056000014,
              5.5366314340000393,
              0,
              null
            ],
            [
              95.308078456000047,
              5.5367908540000847,
              0,
              null
            ],
            [
              95.308123695000049,
              5.5369481320000418,
              0,
              null
            ],
            [
              95.308164384000051,
              5.5370881170000779,
              0,
              null
            ],
            [
              95.308207318000044,
              5.5372348460000502,
              0,
              null
            ],
            [
              95.308251100000021,
              5.5373839040000377,
              0,
              null
            ],
            [
              95.30829434100005,
              5.5375308580000286,
              0,
              null
            ],
            [
              95.30833563600001,
              5.5376712750000117,
              0,
              null
            ],
            [
              95.30837358600003,
              5.5378007400000655,
              0,
              null
            ],
            [
              95.308406795000025,
              5.5379148029999996,
              0,
              null
            ],
            [
              95.308433855000047,
              5.5380090580000711,
              0,
              null
            ],
            [
              95.308496476000073,
              5.5382447460000321,
              0,
              null
            ],
            [
              95.308517581000046,
              5.5383502420000568,
              0,
              null
            ],
            [
              95.308535119000084,
              5.5385037770000594,
              0,
              null
            ],
            [
              95.308543742000083,
              5.5386195180000435,
              0,
              null
            ],
            [
              95.308545647000059,
              5.5387499550000889,
              0,
              null
            ],
            [
              95.308476710000036,
              5.5387364740000393,
              0,
              null
            ],
            [
              95.308406458000007,
              5.5386710700000457,
              0,
              null
            ],
            [
              95.308365708000096,
              5.5386291880000442,
              0,
              null
            ],
            [
              95.308244669000032,
              5.5385037790000595,
              0,
              null
            ],
            [
              95.307974248000036,
              5.5382213000000462,
              0,
              null
            ],
            [
              95.307815530000042,
              5.5380598730001012,
              0,
              null
            ],
            [
              95.307775706000129,
              5.5380191710000197,
              0,
              null
            ],
            [
              95.307615312000095,
              5.5378536100000879,
              0,
              null
            ],
            [
              95.307574507000083,
              5.5378112940000506,
              0,
              null
            ],
            [
              95.307526850000059,
              5.5377608780000536,
              0,
              null
            ],
            [
              95.307464902000078,
              5.5377590129999881,
              0,
              null
            ],
            [
              95.307352236000085,
              5.5376456660000244,
              0,
              null
            ],
            [
              95.307164551000099,
              5.5374468290000038,
              0,
              null
            ],
            [
              95.30702059300009,
              5.5372971670000553,
              0,
              null
            ],
            [
              95.306958886000047,
              5.5372271820000378,
              0,
              null
            ],
            [
              95.306967372000031,
              5.5371797380000203,
              0,
              null
            ],
            [
              95.306810781000053,
              5.5370175520001013,
              0,
              null
            ],
            [
              95.306657724999994,
              5.5368618410000963,
              0,
              null
            ],
            [
              95.306619061000077,
              5.5368227440000588,
              0,
              null
            ],
            [
              95.306500693000061,
              5.5367044380000401,
              0,
              null
            ],
            [
              95.30646147600001,
              5.5366645560000265,
              0,
              null
            ],
            [
              95.306306614000079,
              5.5365014770000336,
              0,
              null
            ],
            [
              95.306266923000081,
              5.5364602500000863,
              0,
              null
            ],
            [
              95.306146393000049,
              5.5363358600000971,
              0,
              null
            ],
            [
              95.305985296000046,
              5.5361722900000636,
              0,
              null
            ],
            [
              95.305830580000034,
              5.5360162780000337,
              0,
              null
            ],
            [
              95.305641870000059,
              5.535818285000083,
              0,
              null
            ],
            [
              95.305603392000066,
              5.5357782280000549,
              0,
              null
            ],
            [
              95.305470258000071,
              5.5356417120000394,
              0,
              null
            ],
            [
              95.305267721000092,
              5.5354348410000647,
              0,
              null
            ],
            [
              95.305009978000086,
              5.5351665020000667,
              0,
              null
            ],
            [
              95.304747165000009,
              5.5348977390000336,
              0,
              null
            ],
            [
              95.304364700000079,
              5.5345030460000615,
              0,
              null
            ],
            [
              95.304326014000068,
              5.5345117110000679,
              0,
              null
            ],
            [
              95.304231157000032,
              5.5344448010000384,
              0,
              null
            ],
            [
              95.304128165000037,
              5.5343807250000658,
              0,
              null
            ],
            [
              95.303988832000059,
              5.5343159580000361,
              0,
              null
            ],
            [
              95.303970450000051,
              5.5342585130000792,
              0,
              null
            ],
            [
              95.303815640000025,
              5.5341713980000655,
              0,
              null
            ],
            [
              95.303675654000088,
              5.5340915830000341,
              0,
              null
            ],
            [
              95.303576566000061,
              5.5340364850000938,
              0,
              null
            ],
            [
              95.303268221000039,
              5.5338510780000298,
              0,
              null
            ],
            [
              95.303218734000026,
              5.5338242150000276,
              0,
              null
            ],
            [
              95.303160916000124,
              5.5338287160000448,
              0,
              null
            ],
            [
              95.303115813000034,
              5.533801846000042,
              0,
              null
            ],
            [
              95.303043715000015,
              5.5337577070000314,
              0,
              null
            ],
            [
              95.303036808000073,
              5.5337187930000091,
              0,
              null
            ],
            [
              95.302919820000071,
              5.5336560810000606,
              0,
              null
            ],
            [
              95.302816624000059,
              5.5335976630000232,
              0,
              null
            ],
            [
              95.302629153000098,
              5.5334860160000225,
              0,
              null
            ],
            [
              95.302462801000004,
              5.5333931330000645,
              0,
              null
            ],
            [
              95.302206442000028,
              5.5332395490000579,
              0,
              null
            ],
            [
              95.301800068000063,
              5.5330066210000588,
              0,
              null
            ],
            [
              95.301659280000052,
              5.5329153110000533,
              0,
              null
            ],
            [
              95.301546314000021,
              5.5328544270000783,
              0,
              null
            ],
            [
              95.301467424000066,
              5.5328035080000397,
              0,
              null
            ],
            [
              95.301262556000083,
              5.5326839010000022,
              0,
              null
            ],
            [
              95.300959131000113,
              5.5324897670001043,
              0,
              null
            ],
            [
              95.300898223000047,
              5.5324884400000833,
              0,
              null
            ],
            [
              95.300712262000033,
              5.5323753210000497,
              0,
              null
            ],
            [
              95.300653503000049,
              5.5323401740000726,
              0,
              null
            ],
            [
              95.300690872000033,
              5.5322452210000321,
              0,
              null
            ],
            [
              95.300734991000041,
              5.5321902630001034,
              0,
              null
            ],
            [
              95.300789419000111,
              5.5321278700000924,
              0,
              null
            ],
            [
              95.300843890000081,
              5.5320743540000166,
              0,
              null
            ],
            [
              95.300901323000033,
              5.5320237920000963,
              0,
              null
            ],
            [
              95.300988298000036,
              5.5319701500000988,
              0,
              null
            ],
            [
              95.301093014000088,
              5.5319179210000406,
              0,
              null
            ],
            [
              95.301211050000092,
              5.5318715620000241,
              0,
              null
            ],
            [
              95.301351251000057,
              5.5318251160000891,
              0,
              null
            ],
            [
              95.30144862500002,
              5.5317847660000368,
              0,
              null
            ],
            [
              95.301511978000022,
              5.5317371370000927,
              0,
              null
            ],
            [
              95.301561919000079,
              5.5316599550001015,
              0,
              null
            ],
            [
              95.301622076000072,
              5.5315486750000424,
              0,
              null
            ],
            [
              95.301688153000043,
              5.5314403270000483,
              0,
              null
            ],
            [
              95.301748419000049,
              5.5313571750000072,
              0,
              null
            ],
            [
              95.30182790800005,
              5.5312783970000616,
              0,
              null
            ],
            [
              95.301929556000033,
              5.531198050000075,
              0,
              null
            ],
            [
              95.30197505600006,
              5.5311179210000176,
              0,
              null
            ],
            [
              95.301983609000061,
              5.5310364540000272,
              0,
              null
            ],
            [
              95.301978916000024,
              5.5309683609999887,
              0,
              null
            ],
            [
              95.301947597000009,
              5.5308944510000906,
              0,
              null
            ],
            [
              95.301901461000099,
              5.53081023100005,
              0,
              null
            ],
            [
              95.301868588000048,
              5.5307170819999811,
              0,
              null
            ],
            [
              95.301865180000036,
              5.5305986450000404,
              0,
              null
            ],
            [
              95.301873625000013,
              5.5304890470000316,
              0,
              null
            ],
            [
              95.301887978000053,
              5.5303794180000203,
              0,
              null
            ],
            [
              95.301902411000086,
              5.5302905240000371,
              0,
              null
            ],
            [
              95.30190646800007,
              5.5301942670000663,
              0,
              null
            ],
            [
              95.301906251000048,
              5.53013800800003,
              0,
              null
            ],
            [
              95.301891228000059,
              5.5300744020000074,
              0,
              null
            ],
            [
              95.301846646000101,
              5.5300094200000487,
              0,
              null
            ],
            [
              95.301756243000071,
              5.5299416700000386,
              0,
              null
            ],
            [
              95.301639331999993,
              5.5298962220000085,
              0,
              null
            ],
            [
              95.301529930000086,
              5.529881840000062,
              0,
              null
            ],
            [
              95.301433853000049,
              5.5298748100000132,
              0,
              null
            ],
            [
              95.301327388000033,
              5.5298574520000869,
              0,
              null
            ],
            [
              95.301214890000054,
              5.5298075490000436,
              0,
              null
            ],
            [
              95.301044535000074,
              5.5296986450000922,
              0,
              null
            ],
            [
              95.300949634000034,
              5.5296131310000334,
              0,
              null
            ],
            [
              95.300869476000074,
              5.5295186830000347,
              0,
              null
            ],
            [
              95.300775992000055,
              5.5294168840000495,
              0,
              null
            ],
            [
              95.300692875000024,
              5.5293224480000518,
              0,
              null
            ],
            [
              95.30061565500003,
              5.5292250239999845,
              0,
              null
            ],
            [
              95.300535508000053,
              5.5291335320000528,
              0,
              null
            ],
            [
              95.300431716999995,
              5.5290421410000405,
              0,
              null
            ],
            [
              95.300335394000015,
              5.5289714390000526,
              0,
              null
            ],
            [
              95.300236113000068,
              5.5289007570000663,
              0,
              null
            ],
            [
              95.300107275000059,
              5.5288272250000219,
              0,
              null
            ],
            [
              95.300006594000081,
              5.5287772760000635,
              0,
              null
            ],
            [
              95.299900048000055,
              5.5287362260000421,
              0,
              null
            ],
            [
              95.299830388000075,
              5.5286832000000068,
              0,
              null
            ],
            [
              95.299776882000089,
              5.5286034460000693,
              0,
              null
            ],
            [
              95.29974255000009,
              5.5285132680000686,
              0,
              null
            ],
            [
              95.299724443000102,
              5.5284170970000162,
              0,
              null
            ],
            [
              95.299725637000023,
              5.5283430610000188,
              0,
              null
            ],
            [
              95.299737323000002,
              5.528260144000086,
              0,
              null
            ],
            [
              95.299772183000044,
              5.528150398000065,
              0,
              null
            ],
            [
              95.299795432000025,
              5.5280481370000416,
              0,
              null
            ],
            [
              95.299806724000064,
              5.5279118810000476,
              0,
              null
            ],
            [
              95.299828455000082,
              5.5277992660000557,
              0,
              null
            ],
            [
              95.299863517000063,
              5.5276954859999954,
              0,
              null
            ],
            [
              95.299931068000049,
              5.5275856590000565,
              0,
              null
            ],
            [
              95.300000087000072,
              5.5274728620000495,
              0,
              null
            ],
            [
              95.300049851000026,
              5.5273497800000797,
              0,
              null
            ],
            [
              95.300070079000093,
              5.5272312510000425,
              0,
              null
            ],
            [
              95.300062337000071,
              5.5271394779999987,
              0,
              null
            ],
            [
              95.300017647000018,
              5.5270463750000225,
              0,
              null
            ],
            [
              95.299949324000053,
              5.526956320000032,
              0,
              null
            ],
            [
              95.299876566000066,
              5.5268647990000979,
              0,
              null
            ],
            [
              95.299839333000094,
              5.526789429000079,
              0,
              null
            ],
            [
              95.299824225000094,
              5.5267036149999953,
              0,
              null
            ],
            [
              95.299845995000027,
              5.5266013690000619,
              0,
              null
            ],
            [
              95.299892850000091,
              5.526488657000062,
              0,
              null
            ],
            [
              95.299901354000085,
              5.5263968210000129,
              0,
              null
            ],
            [
              95.299892175000124,
              5.5263139490000839,
              0,
              null
            ],
            [
              95.299862313000048,
              5.5262341030000499,
              0,
              null
            ],
            [
              95.299839874000057,
              5.526163123000039,
              0,
              null
            ],
            [
              95.29984998400009,
              5.5261038590000204,
              0,
              null
            ],
            [
              95.299897141000002,
              5.5260696250000301,
              0,
              null
            ],
            [
              95.29997838900006,
              5.5260633800000463,
              0,
              null
            ],
            [
              95.300100974000074,
              5.5260480990000254,
              0,
              null
            ],
            [
              95.300188005000081,
              5.5260092720000991,
              0,
              null
            ],
            [
              95.300230648000053,
              5.5259528380000482,
              0,
              null
            ],
            [
              95.300242128000036,
              5.525865438000011,
              0,
              null
            ],
            [
              95.300235950000058,
              5.5257958680000279,
              0,
              null
            ],
            [
              95.300164343000077,
              5.5256214350000725,
              0,
              null
            ],
            [
              95.300151861000117,
              5.5255697890000626,
              0,
              null
            ],
            [
              95.300155906000001,
              5.5255625329999951,
              0,
              null
            ],
            [
              95.300167898000012,
              5.5255346080000827,
              0,
              null
            ],
            [
              95.300179518999997,
              5.5255022570000705,
              0,
              null
            ],
            [
              95.300199942000091,
              5.5254763520000587,
              0,
              null
            ],
            [
              95.300221127000071,
              5.5254490980000242,
              0,
              null
            ],
            [
              95.300239293000061,
              5.5254227050000608,
              0,
              null
            ],
            [
              95.300265090000067,
              5.5254170640000382,
              0,
              null
            ],
            [
              95.300313463000066,
              5.5254080730000936,
              0,
              null
            ],
            [
              95.300395466000012,
              5.5253964470000199,
              0,
              null
            ],
            [
              95.300441052000053,
              5.5253898250000049,
              0,
              null
            ],
            [
              95.300467061000077,
              5.5253853850000816,
              0,
              null
            ],
            [
              95.30051964900008,
              5.5253768829999999,
              0,
              null
            ],
            [
              95.300705125000064,
              5.5253555640000123,
              0,
              null
            ],
            [
              95.30085985100007,
              5.5253424090000784,
              0,
              null
            ],
            [
              95.300901383000038,
              5.5253395900000228,
              0,
              null
            ],
            [
              95.300938434000088,
              5.5253375930000352,
              0,
              null
            ],
            [
              95.300948286000022,
              5.5253329810000977,
              0,
              null
            ],
            [
              95.300961147000109,
              5.5253253020000841,
              0,
              null
            ],
            [
              95.300986253000048,
              5.5253159310000193,
              0,
              null
            ],
            [
              95.301180765000069,
              5.5252658490000499,
              0,
              null
            ],
            [
              95.301521426000093,
              5.5251822260000587,
              0,
              null
            ],
            [
              95.301552904000033,
              5.5251782990000891,
              0,
              null
            ],
            [
              95.301580640000026,
              5.5250020160000695,
              0,
              null
            ],
            [
              95.30158518500005,
              5.5249920910000476,
              0,
              null
            ],
            [
              95.301591162000094,
              5.5249864180000223,
              0,
              null
            ],
            [
              95.301606312000018,
              5.5249803400000523,
              0,
              null
            ],
            [
              95.301631009000104,
              5.5249795390000749,
              0,
              null
            ],
            [
              95.301758724000109,
              5.5249705560000422,
              0,
              null
            ],
            [
              95.30177212600006,
              5.524967322000041,
              0,
              null
            ],
            [
              95.301785144000064,
              5.5249580780000755,
              0,
              null
            ],
            [
              95.301813399000096,
              5.5249629220000323,
              0,
              null
            ],
            [
              95.301843384999998,
              5.5249628060001115,
              0,
              null
            ],
            [
              95.301910436000043,
              5.5249618410000316,
              0,
              null
            ],
            [
              95.301963734000097,
              5.524964283000056,
              0,
              null
            ],
            [
              95.301992295000062,
              5.5249595710001103,
              0,
              null
            ],
            [
              95.302329688,
              5.5249293190000053,
              0,
              null
            ],
            [
              95.302690381000005,
              5.5248982350000091,
              0,
              null
            ],
            [
              95.302722904000035,
              5.5248963190000282,
              0,
              null
            ],
            [
              95.302739691000085,
              5.5248960100000026,
              0,
              null
            ],
            [
              95.302765777000033,
              5.5248952310001158,
              0,
              null
            ],
            [
              95.302801239000118,
              5.5248903380000662,
              0,
              null
            ],
            [
              95.302884811000112,
              5.524805400000055,
              0,
              null
            ],
            [
              95.30297960700004,
              5.5247940790000953,
              0,
              null
            ],
            [
              95.303050097000011,
              5.5247824110000181,
              0,
              null
            ],
            [
              95.303126612000128,
              5.5247602050000459,
              0,
              null
            ],
            [
              95.30318117100002,
              5.5247198290000803,
              0,
              null
            ],
            [
              95.303210195000119,
              5.5246795500000339,
              0,
              null
            ],
            [
              95.303235658000091,
              5.5246611950000251,
              0,
              null
            ],
            [
              95.303304990000058,
              5.5246682280000741,
              0,
              null
            ],
            [
              95.303381562000084,
              5.524660629000067,
              0,
              null
            ],
            [
              95.303538507000013,
              5.5246855790000886,
              0,
              null
            ],
            [
              95.303680862000064,
              5.524710587000115,
              0,
              null
            ],
            [
              95.3038196400001,
              5.5247538640000542,
              0,
              null
            ],
            [
              95.303847342000083,
              5.5247725380000006,
              0,
              null
            ],
            [
              95.303924779000084,
              5.524788563000083,
              0,
              null
            ],
            [
              95.303997157000126,
              5.5248051670000358,
              0,
              null
            ],
            [
              95.304025092000046,
              5.5248135460001073,
              0,
              null
            ],
            [
              95.304011254000045,
              5.5248299250000414,
              0,
              null
            ],
            [
              95.304006401000009,
              5.5248441810000664,
              0,
              null
            ],
            [
              95.303967029000034,
              5.5250416330000611,
              0,
              null
            ],
            [
              95.303963419000084,
              5.5250692530000372,
              0,
              null
            ],
            [
              95.303963119000059,
              5.5250896290000355,
              0,
              null
            ],
            [
              95.303987410000033,
              5.5250817790000966,
              0,
              null
            ],
            [
              95.304065671000018,
              5.5250706640000651,
              0,
              null
            ],
            [
              95.304141678000093,
              5.5250621520000713,
              0,
              null
            ],
            [
              95.304391765000091,
              5.5250486530000202,
              0,
              null
            ],
            [
              95.304426368000023,
              5.5250525949999911,
              0,
              null
            ],
            [
              95.304448563000079,
              5.5250556550000667,
              0,
              null
            ],
            [
              95.304494456000057,
              5.5250585140000368,
              0,
              null
            ],
            [
              95.304677396000017,
              5.5250489450000444,
              0,
              null
            ],
            [
              95.304773422000054,
              5.5250501990000593,
              0,
              null
            ],
            [
              95.304840488000096,
              5.5250531480000369,
              0,
              null
            ],
            [
              95.30488898900002,
              5.5250539540000148,
              0,
              null
            ],
            [
              95.304929236000063,
              5.5250593480001058,
              0,
              null
            ],
            [
              95.304968342000009,
              5.5250616000001145,
              0,
              null
            ],
            [
              95.305296171000052,
              5.5250892260000022,
              0,
              null
            ],
            [
              95.305334753000039,
              5.525072169000012,
              0,
              null
            ],
            [
              95.305538695000038,
              5.5250667360000065,
              0,
              null
            ],
            [
              95.305677667000083,
              5.5250429949999962,
              0,
              null
            ],
            [
              95.305937180000058,
              5.5250234260000646,
              0,
              null
            ],
            [
              95.306182750000048,
              5.5249946300000801,
              0,
              null
            ],
            [
              95.30631243400002,
              5.524966284000044,
              0,
              null
            ],
            [
              95.306432758000128,
              5.5249147740000453,
              0,
              null
            ],
            [
              95.306585862000091,
              5.5248763590000642,
              0,
              null
            ],
            [
              95.306537938000119,
              5.5248217120000724,
              0,
              null
            ],
            [
              95.306451044000127,
              5.5246720080000316,
              0,
              null
            ],
            [
              95.306405364000071,
              5.5245678820000315,
              0,
              null
            ],
            [
              95.306354773000066,
              5.5244419810000949,
              0,
              null
            ],
            [
              95.306294578000063,
              5.5242865770000265,
              0,
              null
            ],
            [
              95.306222944000083,
              5.5241009820000357,
              0,
              null
            ],
            [
              95.306167926000057,
              5.5239592800000352,
              0,
              null
            ],
            [
              95.306109403000008,
              5.5238070510000519,
              0,
              null
            ],
            [
              95.306060176000116,
              5.5236744920000973,
              0,
              null
            ],
            [
              95.306008012000063,
              5.5235171770000484,
              0,
              null
            ],
            [
              95.30596654,
              5.5233746270000665,
              0,
              null
            ],
            [
              95.305937757000024,
              5.5232706700000804,
              0,
              null
            ],
            [
              95.305908286000076,
              5.5231612020000824,
              0,
              null
            ],
            [
              95.305885266000118,
              5.5230708809999811,
              0,
              null
            ],
            [
              95.305849685000013,
              5.5229165480000901,
              0,
              null
            ],
            [
              95.305777966000036,
              5.5227738800000097,
              0,
              null
            ],
            [
              95.305706397000066,
              5.5226796430000284,
              0,
              null
            ],
            [
              95.305583895000055,
              5.5225385640000795,
              0,
              null
            ],
            [
              95.305512904000039,
              5.5224606690000293,
              0,
              null
            ],
            [
              95.305426727000011,
              5.5223680620000941,
              0,
              null
            ],
            [
              95.30533268800005,
              5.5222693030000052,
              0,
              null
            ],
            [
              95.305238081000127,
              5.522172968000028,
              0,
              null
            ],
            [
              95.305150227000055,
              5.5220876170000714,
              0,
              null
            ],
            [
              95.305012681000036,
              5.521966130000056,
              0,
              null
            ],
            [
              95.304883496000102,
              5.521862753000029,
              0,
              null
            ],
            [
              95.304777608000038,
              5.5217840790000032,
              0,
              null
            ],
            [
              95.304653117000043,
              5.5216978580000635,
              0,
              null
            ],
            [
              95.30454720600008,
              5.5216269950000623,
              0,
              null
            ],
            [
              95.304442928000057,
              5.5215541630000757,
              0,
              null
            ],
            [
              95.304354284000098,
              5.5214859080000238,
              0,
              null
            ],
            [
              95.304273340000066,
              5.52138603100002,
              0,
              null
            ],
            [
              95.304248655000066,
              5.5212755680000285,
              0,
              null
            ],
            [
              95.304241861000037,
              5.5211912220000663,
              0,
              null
            ],
            [
              95.304235748000067,
              5.5211058250001059,
              0,
              null
            ],
            [
              95.304218786000078,
              5.5209907670000895,
              0,
              null
            ],
            [
              95.304177354000032,
              5.5209072510000183,
              0,
              null
            ],
            [
              95.304100298000051,
              5.5208145640000765,
              0,
              null
            ],
            [
              95.303992860000037,
              5.5206964400000729,
              0,
              null
            ],
            [
              95.303914401000029,
              5.5205718760000693,
              0,
              null
            ],
            [
              95.303901679000049,
              5.5205496230000044,
              0,
              null
            ],
            [
              95.30439894400007,
              5.5204481520000463,
              0,
              null
            ],
            [
              95.304502808000038,
              5.5203767410000886,
              0,
              null
            ],
            [
              95.309072768000064,
              5.5193474190000096,
              0,
              null
            ],
            [
              95.309041021000013,
              5.5192222580000454,
              0,
              null
            ],
            [
              95.309031302000008,
              5.519156337000009,
              0,
              null
            ],
            [
              95.309026034000013,
              5.5190863030000763,
              0,
              null
            ],
            [
              95.30902151300009,
              5.5189647710000571,
              0,
              null
            ],
            [
              95.309026935000091,
              5.5187457560000546,
              0,
              null
            ],
            [
              95.309031152999992,
              5.5186446090000345,
              0,
              null
            ],
            [
              95.309038344000058,
              5.518472176000067,
              0,
              null
            ],
            [
              95.309052654000084,
              5.518330937000016,
              0,
              null
            ],
            [
              95.309102195000008,
              5.5179897400001181,
              0,
              null
            ],
            [
              95.309126725000084,
              5.5177990080000576,
              0,
              null
            ],
            [
              95.309148572000126,
              5.517651805000046,
              0,
              null
            ],
            [
              95.30917749000011,
              5.5174569680000012,
              0,
              null
            ],
            [
              95.309217163000113,
              5.517212039000075,
              0,
              null
            ],
            [
              95.309234775000064,
              5.5171405330000205,
              0,
              null
            ],
            [
              95.309422998000088,
              5.5171776310000702,
              0,
              null
            ],
            [
              95.309632171000075,
              5.5172125220000261,
              0,
              null
            ],
            [
              95.309792556000019,
              5.517239275000108,
              0,
              null
            ],
            [
              95.309948314000039,
              5.5172762330000573,
              0,
              null
            ],
            [
              95.310217507000104,
              5.5173302060000822,
              0,
              null
            ],
            [
              95.310504136000105,
              5.5173876760000411,
              0,
              null
            ],
            [
              95.310767155000107,
              5.5174949500000352,
              0,
              null
            ],
            [
              95.310891557000005,
              5.5175401840000475,
              0,
              null
            ],
            [
              95.311024827000026,
              5.5175367630000309,
              0,
              null
            ],
            [
              95.31120145400007,
              5.5174643050000753,
              0,
              null
            ],
            [
              95.311359946000039,
              5.5174060940000551,
              0,
              null
            ],
            [
              95.3115549770001,
              5.5172786280000778,
              0,
              null
            ],
            [
              95.311651299000076,
              5.5172045320000755,
              0,
              null
            ],
            [
              95.311974909000114,
              5.5170166660000746,
              0,
              null
            ],
            [
              95.312187755000053,
              5.5168923920000061,
              0,
              null
            ],
            [
              95.312417943000085,
              5.5167379890000205,
              0,
              null
            ],
            [
              95.312483977000042,
              5.5166731900000769,
              0,
              null
            ],
            [
              95.31250228100005,
              5.5166454570000028,
              0,
              null
            ],
            [
              95.312621666000069,
              5.5165693870001036,
              0,
              null
            ],
            [
              95.312802277000088,
              5.5164543060000852,
              0,
              null
            ],
            [
              95.312932173000007,
              5.5163985250000884,
              0,
              null
            ],
            [
              95.313168507000015,
              5.5163907900000702,
              0,
              null
            ],
            [
              95.313163261000028,
              5.5164831870000768,
              0,
              null
            ],
            [
              95.313137941000065,
              5.5166025030000903,
              0,
              null
            ],
            [
              95.313129779000107,
              5.5166472070000587,
              0,
              null
            ],
            [
              95.313128214000059,
              5.5166996580000465,
              0,
              null
            ],
            [
              95.313127769000019,
              5.5167452630000895,
              0,
              null
            ],
            [
              95.313129146000051,
              5.5167679090000981,
              0,
              null
            ],
            [
              95.313137763000057,
              5.5168009500000785,
              0,
              null
            ],
            [
              95.313147052000019,
              5.5168328860000564,
              0,
              null
            ],
            [
              95.31315811100005,
              5.5168606380000433,
              0,
              null
            ],
            [
              95.313163146000107,
              5.5168772149999938,
              0,
              null
            ],
            [
              95.313153214000081,
              5.5169910890000011,
              0,
              null
            ],
            [
              95.313143954000026,
              5.5170972579999926,
              0,
              null
            ],
            [
              95.313143110000055,
              5.5171260780000679,
              0,
              null
            ],
            [
              95.313150106000094,
              5.517150611000055,
              0,
              null
            ],
            [
              95.313160074000038,
              5.5171739380000311,
              0,
              null
            ],
            [
              95.313171366000077,
              5.5171988150000466,
              0,
              null
            ],
            [
              95.313174153000048,
              5.5172290860000643,
              0,
              null
            ],
            [
              95.313176441000053,
              5.5172838630000669,
              0,
              null
            ],
            [
              95.313174324000059,
              5.5173359820000272,
              0,
              null
            ],
            [
              95.313172596000086,
              5.517365023000032,
              0,
              null
            ],
            [
              95.313160190000048,
              5.5174342300000738,
              0,
              null
            ],
            [
              95.313146528000061,
              5.5175192340000905,
              0,
              null
            ],
            [
              95.313057230000055,
              5.5179616250000123,
              0,
              null
            ],
            [
              95.313057198000052,
              5.5179766390000111,
              0,
              null
            ],
            [
              95.313061659000056,
              5.5179966430000675,
              0,
              null
            ],
            [
              95.313074402000055,
              5.5180141210000038,
              0,
              null
            ],
            [
              95.313100122000051,
              5.5180424580000391,
              0,
              null
            ],
            [
              95.313151261000101,
              5.518128285000035,
              0,
              null
            ],
            [
              95.313178472000047,
              5.5181778310000489,
              0,
              null
            ],
            [
              95.313188552000085,
              5.5181997209999949,
              0,
              null
            ],
            [
              95.313200375000079,
              5.5182547780000206,
              0,
              null
            ],
            [
              95.313212373000098,
              5.5183012200000441,
              0,
              null
            ],
            [
              95.313222726000063,
              5.5183491960000168,
              0,
              null
            ],
            [
              95.31326220800004,
              5.5184037730000028,
              0,
              null
            ],
            [
              95.316324676000036,
              5.5176707310001021,
              0,
              null
            ],
            [
              95.317185809000051,
              5.5175199790000633,
              0,
              null
            ],
            [
              95.317829268000096,
              5.5172702900000985,
              0,
              null
            ],
            [
              95.318783667000019,
              5.5170662900000949,
              0,
              null
            ],
            [
              95.321024716000082,
              5.516482754000041,
              0,
              null
            ],
            [
              95.321964213000101,
              5.5162043220000072,
              0,
              null
            ],
            [
              95.322619896000077,
              5.5166119100000692,
              0,
              null
            ],
            [
              95.323071567000056,
              5.5168892160000098,
              0,
              null
            ],
            [
              95.323730598000054,
              5.5172938300000034,
              0,
              null
            ],
            [
              95.323855856000108,
              5.5173291260000816,
              0,
              null
            ],
            [
              95.325818340000041,
              5.5181572420000329,
              0,
              null
            ],
            [
              95.32733656200007,
              5.5187978840000156,
              0,
              null
            ],
            [
              95.329498955000105,
              5.5230262560000192,
              0,
              null
            ],
            [
              95.328868951000032,
              5.5279132910000754,
              0,
              null
            ],
            [
              95.328742614000063,
              5.5288933140000722,
              0,
              null
            ],
            [
              95.329030831000097,
              5.5290477820000632,
              0,
              null
            ],
            [
              95.328990720000064,
              5.5291686230000252,
              0,
              null
            ],
            [
              95.328896163000067,
              5.5294392420000342,
              0,
              null
            ],
            [
              95.328762347000094,
              5.5297381660000759,
              0,
              null
            ],
            [
              95.328623717000085,
              5.5300889140000535,
              0,
              null
            ],
            [
              95.328585062000073,
              5.5300961060000269,
              0,
              null
            ],
            [
              95.328549909000103,
              5.5300997650000632,
              0,
              null
            ],
            [
              95.328511254000006,
              5.5301069580000366,
              0,
              null
            ],
            [
              95.328490512000073,
              5.5301985660000668,
              0,
              null
            ],
            [
              95.328469880000057,
              5.5303183350000289,
              0,
              null
            ],
            [
              95.328442284000076,
              5.5304557340000287,
              0,
              null
            ],
            [
              95.328411200000076,
              5.5306001870000792,
              0,
              null
            ],
            [
              95.328401145000043,
              5.5307269559999988,
              0,
              null
            ],
            [
              95.328392611000055,
              5.5308380480000423,
              0,
              null
            ],
            [
              95.328372949000112,
              5.5309384980000935,
              0,
              null
            ],
            [
              95.328368171000079,
              5.5309987420001043,
              0,
              null
            ],
            [
              95.328373322000061,
              5.5310338520000784,
              0,
              null
            ],
            [
              95.328378512000128,
              5.5310789999999947,
              0,
              null
            ],
            [
              95.328388775000093,
              5.5311391850000007,
              0,
              null
            ],
            [
              95.328399116000057,
              5.5312194430000687,
              0,
              null
            ],
            [
              95.328411620000026,
              5.5313231160000313,
              0,
              null
            ],
            [
              95.328403337000054,
              5.531426006000018,
              0,
              null
            ],
            [
              95.3283942260001,
              5.5315242690000659,
              0,
              null
            ],
            [
              95.328388366000055,
              5.5316446989999939,
              0,
              null
            ],
            [
              95.328391704000069,
              5.5316905300000556,
              0,
              null
            ],
            [
              95.328417126000033,
              5.531715780000102,
              0,
              null
            ],
            [
              95.3283985180001,
              5.5318140800000641,
              0,
              null
            ],
            [
              95.328376670000068,
              5.531893381000053,
              0,
              null
            ],
            [
              95.328361303000037,
              5.5320106809999885,
              0,
              null
            ],
            [
              95.328333198000024,
              5.5321090180000425,
              0,
              null
            ],
            [
              95.32831130100007,
              5.5321756450000485,
              0,
              null
            ],
            [
              95.328365274000106,
              5.5322166250000642,
              0,
              null
            ],
            [
              95.328445541000079,
              5.5322515900000262,
              0,
              null
            ],
            [
              95.328415750000019,
              5.5323866420000982,
              0,
              null
            ],
            [
              95.328328281000054,
              5.5323867050000146,
              0,
              null
            ],
            [
              95.328243084000022,
              5.5323886040000829,
              0,
              null
            ],
            [
              95.328117003000074,
              5.532386071000051,
              0,
              null
            ],
            [
              95.327885449000107,
              5.5323863019999813,
              0,
              null
            ],
            [
              95.3278650970001,
              5.53238630100007,
              0,
              null
            ],
            [
              95.32784266100002,
              5.5323860910000526,
              0,
              null
            ],
            [
              95.327562316000098,
              5.5323876430000922,
              0,
              null
            ],
            [
              95.327101878000107,
              5.5323768239999964,
              0,
              null
            ],
            [
              95.327065284000099,
              5.532375711000082,
              0,
              null
            ],
            [
              95.326447082000101,
              5.5323526920000425,
              0,
              null
            ],
            [
              95.326400563000078,
              5.532351203000097,
              0,
              null
            ],
            [
              95.326361657000049,
              5.5323494930000443,
              0,
              null
            ],
            [
              95.326342404000059,
              5.5323491260000139,
              0,
              null
            ],
            [
              95.326203310000011,
              5.532340587000018,
              0,
              null
            ],
            [
              95.326174616000031,
              5.5323344630000442,
              0,
              null
            ],
            [
              95.32613270500012,
              5.5323232110000902,
              0,
              null
            ],
            [
              95.326032930000039,
              5.5323000850000419,
              0,
              null
            ],
            [
              95.326024338000124,
              5.5323317800000886,
              0,
              null
            ],
            [
              95.325984360000106,
              5.5324849240000589,
              0,
              null
            ],
            [
              95.325947741000093,
              5.5326206820001005,
              0,
              null
            ],
            [
              95.325903040000028,
              5.5327680590000377,
              0,
              null
            ],
            [
              95.325839514000023,
              5.532967051000071,
              0,
              null
            ],
            [
              95.325806162000006,
              5.533070752000036,
              0,
              null
            ],
            [
              95.325755307000065,
              5.5332285240000338,
              0,
              null
            ]
          ]
        ]
      },
      "properties" : {
        "FID" : 0,
        "KDPPUM" : " ",
        "NAMOBJ" : "BANDA RAYA",
        "REMARK" : "Wilayah Administrasi Kecamatan",
        "KDPBPS" : " ",
        "FCODE" : " ",
        "LUASWH" : 0,
        "UUPP" : " ",
        "SRS_ID" : " ",
        "LCODE" : "BA0080",
        "METADATA" : " ",
        "KDEBPS" : " ",
        "KDEPUM" : " ",
        "KDCBPS" : " ",
        "KDCPUM" : " ",
        "KDBBPS" : " ",
        "KDBPUM" : " ",
        "WADMKD" : " ",
        "WIADKD" : " ",
        "WADMKC" : " ",
        "WIADKC" : " ",
        "WADMKK" : "BANDA ACEH",
        "WIADKK" : " ",
        "WADMPR" : "ACEH",
        "WIADPR" : " ",
        "TIPADM" : 0,
        "Shape_Leng" : 0.107867954936,
        "Shape_Area" : 0.00044585646772999998
      }
    }
  ]
}