{
  "hasZ" : true,
  "hasM" : true,
  "type" : "FeatureCollection",
  "features" : [
    {
      "type" : "Feature",
      "id" : 0,
      "geometry" : {
        "type" : "Polygon",
        "coordinates" : [
          [
            [
              95.492722912212045,
              5.5000000048000324,
              0,
              null
            ],
            [
              95.500000000000043,
              5.5000000000000497,
              0,
              null
            ],
            [
              95.499999995000053,
              5.502313701999995,
              0,
              null
            ],
            [
              95.499976191000115,
              5.5023112980000626,
              0,
              null
            ],
            [
              95.499826298000059,
              5.5022885000000414,
              0,
              null
            ],
            [
              95.499732734000048,
              5.5022767460000459,
              0,
              null
            ],
            [
              95.499382776000047,
              5.5022426399999773,
              0,
              null
            ],
            [
              95.499286546000079,
              5.5022144110000397,
              0,
              null
            ],
            [
              95.499221523000116,
              5.5021947280000987,
              0,
              null
            ],
            [
              95.499179001000059,
              5.5021723480000233,
              0,
              null
            ],
            [
              95.49915027200008,
              5.502135160000055,
              0,
              null
            ],
            [
              95.499124984000034,
              5.5020927510000099,
              0,
              null
            ],
            [
              95.49909966400007,
              5.5020425340000294,
              0,
              null
            ],
            [
              95.499079564000098,
              5.5019983680000166,
              0,
              null
            ],
            [
              95.499051715000107,
              5.5019646469999799,
              0,
              null
            ],
            [
              95.499023917000017,
              5.5019430720000599,
              0,
              null
            ],
            [
              95.498970150000019,
              5.5019233420000262,
              0,
              null
            ],
            [
              95.498900881000054,
              5.5019236320000502,
              0,
              null
            ],
            [
              95.49883168800001,
              5.5019421430000719,
              0,
              null
            ],
            [
              95.498748706000072,
              5.5019763290000583,
              0,
              null
            ],
            [
              95.498684781000023,
              5.5020121700000928,
              0,
              null
            ],
            [
              95.49861390300002,
              5.5020419680000714,
              0,
              null
            ],
            [
              95.498337091000039,
              5.5021064660000789,
              0,
              null
            ],
            [
              95.498233274000057,
              5.5021277250000615,
              0,
              null
            ],
            [
              95.498138952000076,
              5.5021420030000883,
              0,
              null
            ],
            [
              95.498043722000006,
              5.5021458720000531,
              0,
              null
            ],
            [
              95.497944966000006,
              5.5021350070000423,
              0,
              null
            ],
            [
              95.497843595000063,
              5.5021198140000287,
              0,
              null
            ],
            [
              95.497297683000099,
              5.5020223230000447,
              0,
              null
            ],
            [
              95.497170408000045,
              5.5020245910000547,
              0,
              null
            ],
            [
              95.497072641000045,
              5.5020432210000862,
              0,
              null
            ],
            [
              95.49696018300007,
              5.5020688540000755,
              0,
              null
            ],
            [
              95.49686672100006,
              5.5020813930000472,
              0,
              null
            ],
            [
              95.496752397000108,
              5.5020749310000454,
              0,
              null
            ],
            [
              95.496644972000098,
              5.5020614980000886,
              0,
              null
            ],
            [
              95.496559208000107,
              5.5020514460000562,
              0,
              null
            ],
            [
              95.496487308000013,
              5.5020439380000568,
              0,
              null
            ],
            [
              95.496438791000088,
              5.5020372000000322,
              0,
              null
            ],
            [
              95.496193693000066,
              5.5020243450000343,
              0,
              null
            ],
            [
              95.496090720000069,
              5.50204039400003,
              0,
              null
            ],
            [
              95.496032812000067,
              5.5020657980000891,
              0,
              null
            ],
            [
              95.495982714000007,
              5.5020955080000604,
              0,
              null
            ],
            [
              95.495932643000046,
              5.5021312910000901,
              0,
              null
            ],
            [
              95.495882527000077,
              5.5021566630000578,
              0,
              null
            ],
            [
              95.495833260000083,
              5.5021776930000215,
              0,
              null
            ],
            [
              95.495766573000068,
              5.5021745010001126,
              0,
              null
            ],
            [
              95.495698076000082,
              5.5021522290000462,
              0,
              null
            ],
            [
              95.49559308500001,
              5.5020997420000555,
              0,
              null
            ],
            [
              95.495513241000069,
              5.5020558270000635,
              0,
              null
            ],
            [
              95.495433389000127,
              5.5020101760000166,
              0,
              null
            ],
            [
              95.49534918000009,
              5.5019576020000187,
              0,
              null
            ],
            [
              95.495289247000102,
              5.5019127350000367,
              0,
              null
            ],
            [
              95.495257916000085,
              5.5018746899999975,
              0,
              null
            ],
            [
              95.495233372000101,
              5.5018027780000871,
              0,
              null
            ],
            [
              95.495234901000046,
              5.5017541830000631,
              0,
              null
            ],
            [
              95.495246792000046,
              5.501698604000083,
              0,
              null
            ],
            [
              95.495242325000035,
              5.5016656520000211,
              0,
              null
            ],
            [
              95.495219657000021,
              5.5016284380000506,
              0,
              null
            ],
            [
              95.495165770000099,
              5.5015800750000459,
              0,
              null
            ],
            [
              95.495098113000012,
              5.5015517260000983,
              0,
              null
            ],
            [
              95.494767701000029,
              5.5014290350000721,
              0,
              null
            ],
            [
              95.494610813000094,
              5.5013897800001104,
              0,
              null
            ],
            [
              95.494506771000019,
              5.5013572450000829,
              0,
              null
            ],
            [
              95.494418250000066,
              5.5013090270000902,
              0,
              null
            ],
            [
              95.494356564000029,
              5.5012589620000334,
              0,
              null
            ],
            [
              95.494308613000058,
              5.5011802060000896,
              0,
              null
            ],
            [
              95.49428061600004,
              5.5011109110000405,
              0,
              null
            ],
            [
              95.494263951000093,
              5.5010597900000739,
              0,
              null
            ],
            [
              95.494241304000084,
              5.5010277820000901,
              0,
              null
            ],
            [
              95.494204790000083,
              5.5009923610000016,
              0,
              null
            ],
            [
              95.494150153000092,
              5.5009717659999851,
              0,
              null
            ],
            [
              95.493834112000044,
              5.5009730880000056,
              0,
              null
            ],
            [
              95.493707721000078,
              5.5009796900001078,
              0,
              null
            ],
            [
              95.493392799000034,
              5.5010417430000018,
              0,
              null
            ],
            [
              95.493302781000054,
              5.5010499290000574,
              0,
              null
            ],
            [
              95.49322915000009,
              5.5010424280000585,
              0,
              null
            ],
            [
              95.493173662000032,
              5.501025307000063,
              0,
              null
            ],
            [
              95.493115537000008,
              5.5009986530000781,
              0,
              null
            ],
            [
              95.492888942000008,
              5.5008547030000692,
              0,
              null
            ],
            [
              95.492780347000078,
              5.5007683920000332,
              0,
              null
            ],
            [
              95.492706496000011,
              5.5007079660000073,
              0,
              null
            ],
            [
              95.492659533000037,
              5.5006587060000172,
              0,
              null
            ],
            [
              95.492622845000099,
              5.5005816380000354,
              0,
              null
            ],
            [
              95.492607872000107,
              5.500520966000078,
              0,
              null
            ],
            [
              95.492613558000045,
              5.5004307060000706,
              0,
              null
            ],
            [
              95.492627065000093,
              5.500347355000013,
              0,
              null
            ],
            [
              95.492654407000046,
              5.5002596080000359,
              0,
              null
            ],
            [
              95.492686917000071,
              5.5001648990000156,
              0,
              null
            ],
            [
              95.492714299000028,
              5.5000866960000288,
              0,
              null
            ],
            [
              95.492724422000066,
              5.5000224470000418,
              0,
              null
            ],
            [
              95.492722912212045,
              5.5000000048000324,
              0,
              null
            ]
          ]
        ]
      },
      "properties" : {
        "FID" : 0,
        "KDPPUM" : " ",
        "NAMOBJ" : "INDRAPURI",
        "REMARK" : "Wilayah Administrasi Kecamatan",
        "KDPBPS" : " ",
        "FCODE" : " ",
        "LUASWH" : 0,
        "UUPP" : " ",
        "SRS_ID" : " ",
        "LCODE" : "BA0080",
        "METADATA" : " ",
        "KDEBPS" : " ",
        "KDEPUM" : " ",
        "KDCBPS" : " ",
        "KDCPUM" : " ",
        "KDBBPS" : " ",
        "KDBPUM" : " ",
        "WADMKD" : " ",
        "WIADKD" : " ",
        "WADMKC" : " ",
        "WIADKC" : " ",
        "WADMKK" : "ACEH BESAR",
        "WIADKK" : " ",
        "WADMPR" : "ACEH",
        "WIADPR" : " ",
        "TIPADM" : 0,
        "Shape_Leng" : 0.91071070907899998,
        "Shape_Area" : 0.016649682384300001
      }
    }
  ]
}