{
  "hasZ" : true,
  "hasM" : true,
  "type" : "FeatureCollection",
  "features" : [
    {
      "type" : "Feature",
      "id" : 0,
      "geometry" : {
        "type" : "Polygon",
        "coordinates" : [
          [
            [
              95.353071890000109,
              5.5604480280000317,
              0,
              null
            ],
            [
              95.352558254000058,
              5.5604090410000921,
              0,
              null
            ],
            [
              95.352156940000071,
              5.5603732710000635,
              0,
              null
            ],
            [
              95.351820854000067,
              5.5603185570000662,
              0,
              null
            ],
            [
              95.351367796000062,
              5.5601755540000468,
              0,
              null
            ],
            [
              95.35074669300009,
              5.5600051940000732,
              0,
              null
            ],
            [
              95.350294303000055,
              5.5600303540000233,
              0,
              null
            ],
            [
              95.349809242000063,
              5.5600509710000416,
              0,
              null
            ],
            [
              95.349476079000041,
              5.5601009380000903,
              0,
              null
            ],
            [
              95.349215723000071,
              5.5601019740000872,
              0,
              null
            ],
            [
              95.348901106000071,
              5.5602075150000267,
              0,
              null
            ],
            [
              95.348547321000112,
              5.5602845320000043,
              0,
              null
            ],
            [
              95.348181583000041,
              5.560442159000079,
              0,
              null
            ],
            [
              95.347994868000043,
              5.5604221940000258,
              0,
              null
            ],
            [
              95.347905871000052,
              5.5604108880000673,
              0,
              null
            ],
            [
              95.347838813000109,
              5.5604058310000042,
              0,
              null
            ],
            [
              95.347801790000062,
              5.5604176380000041,
              0,
              null
            ],
            [
              95.347765908000028,
              5.5604485320000734,
              0,
              null
            ],
            [
              95.347673260000079,
              5.5605856960000537,
              0,
              null
            ],
            [
              95.347626766000062,
              5.5606113350000435,
              0,
              null
            ],
            [
              95.347546287000057,
              5.5606116550000699,
              0,
              null
            ],
            [
              95.347328656000087,
              5.5606147630000606,
              0,
              null
            ],
            [
              95.347222207000073,
              5.5606218480000251,
              0,
              null
            ],
            [
              95.347204464000114,
              5.5606230670000372,
              0,
              null
            ],
            [
              95.347082843000081,
              5.5606270580000121,
              0,
              null
            ],
            [
              95.346765397000112,
              5.5606387970000064,
              0,
              null
            ],
            [
              95.346727745000095,
              5.5606398330000033,
              0,
              null
            ],
            [
              95.346503740000045,
              5.5606437430000604,
              0,
              null
            ],
            [
              95.346462042000056,
              5.5606436830000554,
              0,
              null
            ],
            [
              95.346424256000034,
              5.5606494560000002,
              0,
              null
            ],
            [
              95.346424927000001,
              5.5602677650000381,
              0,
              null
            ],
            [
              95.346415251000096,
              5.5602256270000154,
              0,
              null
            ],
            [
              95.346385049000077,
              5.5601783560000122,
              0,
              null
            ],
            [
              95.346362677000087,
              5.5601377150000246,
              0,
              null
            ],
            [
              95.346345113000055,
              5.56000801300004,
              0,
              null
            ],
            [
              95.346307580000058,
              5.5599957970000951,
              0,
              null
            ],
            [
              95.346212427000097,
              5.5600017520000549,
              0,
              null
            ],
            [
              95.346135740000051,
              5.5600005030000403,
              0,
              null
            ],
            [
              95.345950341000076,
              5.5600029940000688,
              0,
              null
            ],
            [
              95.345766765000079,
              5.560005902000043,
              0,
              null
            ],
            [
              95.345652329000117,
              5.5600061580000641,
              0,
              null
            ],
            [
              95.345553381000101,
              5.5600082960000634,
              0,
              null
            ],
            [
              95.345315150000019,
              5.5600082130000565,
              0,
              null
            ],
            [
              95.345242226000025,
              5.5600027000000445,
              0,
              null
            ],
            [
              95.345146349000089,
              5.560008025000041,
              0,
              null
            ],
            [
              95.345002052000041,
              5.5600152880000202,
              0,
              null
            ],
            [
              95.344965458000033,
              5.5600168890000639,
              0,
              null
            ],
            [
              95.344521703000098,
              5.5600333230000025,
              0,
              null
            ],
            [
              95.344310391000107,
              5.5600351570000655,
              0,
              null
            ],
            [
              95.344266171000086,
              5.560035875000036,
              0,
              null
            ],
            [
              95.344080773000115,
              5.5600412040000329,
              0,
              null
            ],
            [
              95.344013287000038,
              5.5600397630000025,
              0,
              null
            ],
            [
              95.343977506000002,
              5.560039482000068,
              0,
              null
            ],
            [
              95.343912516000046,
              5.5600646960000226,
              0,
              null
            ],
            [
              95.343865690000086,
              5.5601114140000689,
              0,
              null
            ],
            [
              95.343824539000053,
              5.5601035780000423,
              0,
              null
            ],
            [
              95.343760289000059,
              5.5600945060000022,
              0,
              null
            ],
            [
              95.343721579000061,
              5.560092598000022,
              0,
              null
            ],
            [
              95.343682868000059,
              5.5600904470000216,
              0,
              null
            ],
            [
              95.343644178000048,
              5.5600912069999957,
              0,
              null
            ],
            [
              95.343607902000073,
              5.5600932940000796,
              0,
              null
            ],
            [
              95.343572595000083,
              5.5600940400000525,
              0,
              null
            ],
            [
              95.343535353000021,
              5.5600961220000471,
              0,
              null
            ],
            [
              95.343499679000089,
              5.5600974749999814,
              0,
              null
            ],
            [
              95.343460750000062,
              5.5600995730000662,
              0,
              null
            ],
            [
              95.343428341000049,
              5.5601007870000778,
              0,
              null
            ],
            [
              95.343392672000022,
              5.5601012900000306,
              0,
              null
            ],
            [
              95.343355544000062,
              5.5601025310000445,
              0,
              null
            ],
            [
              95.343320482000095,
              5.5601035200000375,
              0,
              null
            ],
            [
              95.343283239000115,
              5.5601053680000128,
              0,
              null
            ],
            [
              95.343246354000087,
              5.5601063550000944,
              0,
              null
            ],
            [
              95.343210086000013,
              5.5601081979999805,
              0,
              null
            ],
            [
              95.343173806000038,
              5.5601091920000627,
              0,
              null
            ],
            [
              95.343136088000023,
              5.5601116469999994,
              0,
              null
            ],
            [
              95.343101501000007,
              5.5601120280000309,
              0,
              null
            ],
            [
              95.343062203000031,
              5.560114236000036,
              0,
              null
            ],
            [
              95.343025930000053,
              5.5601148679999994,
              0,
              null
            ],
            [
              95.342988447000067,
              5.5601175570000443,
              0,
              null
            ],
            [
              95.342955070000059,
              5.5601181780000068,
              0,
              null
            ],
            [
              95.342930647000074,
              5.5601199740000666,
              0,
              null
            ],
            [
              95.342877445000028,
              5.5601216410000269,
              0,
              null
            ],
            [
              95.342838995000037,
              5.560123728000022,
              0,
              null
            ],
            [
              95.342800666000073,
              5.5601247300000161,
              0,
              null
            ],
            [
              95.342763787000123,
              5.5601271810000412,
              0,
              null
            ],
            [
              95.342728111000014,
              5.5601281720000344,
              0,
              null
            ],
            [
              95.342698131000105,
              5.5601299820000065,
              0,
              null
            ],
            [
              95.34266282400003,
              5.5601309719999996,
              0,
              null
            ],
            [
              95.342600307000097,
              5.5601336420000429,
              0,
              null
            ],
            [
              95.34256390900002,
              5.5601346370000364,
              0,
              null
            ],
            [
              95.342519170000045,
              5.5601365140000141,
              0,
              null
            ],
            [
              95.342392496000045,
              5.5601304850000481,
              0,
              null
            ],
            [
              95.342086105000092,
              5.5601152080000276,
              0,
              null
            ],
            [
              95.341480078000046,
              5.5601275100000684,
              0,
              null
            ],
            [
              95.340738565000066,
              5.5601663330000832,
              0,
              null
            ],
            [
              95.340561209000043,
              5.5601892500000254,
              0,
              null
            ],
            [
              95.340417050000028,
              5.5601935250000238,
              0,
              null
            ],
            [
              95.340405696000062,
              5.5601269310001094,
              0,
              null
            ],
            [
              95.340379511000023,
              5.56004928800008,
              0,
              null
            ],
            [
              95.340316330000036,
              5.5599643879999832,
              0,
              null
            ],
            [
              95.340262423000112,
              5.5599355129999921,
              0,
              null
            ],
            [
              95.340201296000018,
              5.5599407270000683,
              0,
              null
            ],
            [
              95.340128658000054,
              5.5599666140000785,
              0,
              null
            ],
            [
              95.340084356000034,
              5.5599785220000868,
              0,
              null
            ],
            [
              95.340049959000027,
              5.5599836390000661,
              0,
              null
            ],
            [
              95.339850218000024,
              5.5599894030000101,
              0,
              null
            ],
            [
              95.339810749000037,
              5.5599870560000824,
              0,
              null
            ],
            [
              95.339791242000018,
              5.5599863560000244,
              0,
              null
            ],
            [
              95.339794495000021,
              5.5598782360000492,
              0,
              null
            ],
            [
              95.339796519000103,
              5.5598492130000459,
              0,
              null
            ],
            [
              95.339797118000064,
              5.5598206290000789,
              0,
              null
            ],
            [
              95.339797167000071,
              5.5597074160000375,
              0,
              null
            ],
            [
              95.339798787000021,
              5.5595921440000033,
              0,
              null
            ],
            [
              95.339798421000083,
              5.559554317000071,
              0,
              null
            ],
            [
              95.339793272000108,
              5.5594018850000708,
              0,
              null
            ],
            [
              95.339792503000041,
              5.5593625600001033,
              0,
              null
            ],
            [
              95.33979075600007,
              5.5590917039999859,
              0,
              null
            ],
            [
              95.339789368000041,
              5.5590233560001039,
              0,
              null
            ],
            [
              95.339786504000074,
              5.5589082380000825,
              0,
              null
            ],
            [
              95.33978861000007,
              5.5587881460000048,
              0,
              null
            ],
            [
              95.339787839000095,
              5.5587505380000017,
              0,
              null
            ],
            [
              95.339781026000068,
              5.5586406230000556,
              0,
              null
            ],
            [
              95.339776610000058,
              5.5585502690000403,
              0,
              null
            ],
            [
              95.339750641000037,
              5.5583958770000557,
              0,
              null
            ],
            [
              95.339741608000097,
              5.5583543149999919,
              0,
              null
            ],
            [
              95.339725204000061,
              5.5583008420000084,
              0,
              null
            ],
            [
              95.339713548000077,
              5.5582596890000673,
              0,
              null
            ],
            [
              95.339701442000049,
              5.5581938240000355,
              0,
              null
            ],
            [
              95.339702221000024,
              5.5579021590000615,
              0,
              null
            ],
            [
              95.339700967000013,
              5.5575847050000853,
              0,
              null
            ],
            [
              95.339694365000085,
              5.557505242000083,
              0,
              null
            ],
            [
              95.339659212000115,
              5.557177247000034,
              0,
              null
            ],
            [
              95.339618510000037,
              5.5569151960000234,
              0,
              null
            ],
            [
              95.339603628000049,
              5.5568221980000558,
              0,
              null
            ],
            [
              95.339585918000083,
              5.5566254890000337,
              0,
              null
            ],
            [
              95.339578415000091,
              5.5564457329999932,
              0,
              null
            ],
            [
              95.339589408000023,
              5.5562847410000842,
              0,
              null
            ],
            [
              95.339603381000117,
              5.5557796490000371,
              0,
              null
            ],
            [
              95.33960397400007,
              5.5556851340000328,
              0,
              null
            ],
            [
              95.33961198800003,
              5.5555555960000618,
              0,
              null
            ],
            [
              95.339608951000045,
              5.5554194040000731,
              0,
              null
            ],
            [
              95.33961776600006,
              5.5552140300000445,
              0,
              null
            ],
            [
              95.339622116000058,
              5.5549265360000604,
              0,
              null
            ],
            [
              95.339624596000093,
              5.5545103430000857,
              0,
              null
            ],
            [
              95.33962261900011,
              5.5544093850000813,
              0,
              null
            ],
            [
              95.339619558000024,
              5.5542875960000408,
              0,
              null
            ],
            [
              95.339624322000063,
              5.5541001620000756,
              0,
              null
            ],
            [
              95.339631989000083,
              5.5539512960000152,
              0,
              null
            ],
            [
              95.339636474000002,
              5.5537094480000775,
              0,
              null
            ],
            [
              95.339639660000003,
              5.5534696480000427,
              0,
              null
            ],
            [
              95.339632536000039,
              5.5532898000000834,
              0,
              null
            ],
            [
              95.339633722000045,
              5.5532520220000663,
              0,
              null
            ],
            [
              95.339595051000046,
              5.5532508550000586,
              0,
              null
            ],
            [
              95.339453466000052,
              5.5532477460000678,
              0,
              null
            ],
            [
              95.339306134000125,
              5.5532398780000385,
              0,
              null
            ],
            [
              95.339175363000052,
              5.5532385970001101,
              0,
              null
            ],
            [
              95.339094542000026,
              5.5532366850000408,
              0,
              null
            ],
            [
              95.339006816000051,
              5.5532385960000212,
              0,
              null
            ],
            [
              95.338904790000043,
              5.553244541000069,
              0,
              null
            ],
            [
              95.338814456000122,
              5.5532508560000586,
              0,
              null
            ],
            [
              95.33877863700009,
              5.5532566110000907,
              0,
              null
            ],
            [
              95.338759466000099,
              5.5532610520000141,
              0,
              null
            ],
            [
              95.338722880000006,
              5.5532670090000629,
              0,
              null
            ],
            [
              95.338656219000086,
              5.5532801719999973,
              0,
              null
            ],
            [
              95.338619140000034,
              5.5532891500000297,
              0,
              null
            ],
            [
              95.33856436000012,
              5.5533001320000501,
              0,
              null
            ],
            [
              95.33842928600005,
              5.5533260760000651,
              0,
              null
            ],
            [
              95.338346653000045,
              5.5533383070000113,
              0,
              null
            ],
            [
              95.338212901000077,
              5.5533498100000749,
              0,
              null
            ],
            [
              95.338113091000082,
              5.5533572200000663,
              0,
              null
            ],
            [
              95.338105135000049,
              5.5533576220000107,
              0,
              null
            ],
            [
              95.337957952000039,
              5.5533717000001097,
              0,
              null
            ],
            [
              95.337803857000083,
              5.553382967000065,
              0,
              null
            ],
            [
              95.33768196500003,
              5.5533889720000289,
              0,
              null
            ],
            [
              95.33753518900005,
              5.553407920999998,
              0,
              null
            ],
            [
              95.337432485000079,
              5.5534161190000546,
              0,
              null
            ],
            [
              95.337313361000085,
              5.5534330410000337,
              0,
              null
            ],
            [
              95.33723752500002,
              5.5534393970000266,
              0,
              null
            ],
            [
              95.33715009900007,
              5.5534441360000635,
              0,
              null
            ],
            [
              95.337069102000029,
              5.553448073000034,
              0,
              null
            ],
            [
              95.336975350000003,
              5.5534523390000317,
              0,
              null
            ],
            [
              95.3368562900001,
              5.5534580440000596,
              0,
              null
            ],
            [
              95.336760584999993,
              5.5534611440000496,
              0,
              null
            ],
            [
              95.336676358000048,
              5.5534605099999972,
              0,
              null
            ],
            [
              95.336608969000068,
              5.5534560220000699,
              0,
              null
            ],
            [
              95.336527453000073,
              5.5534497279999933,
              0,
              null
            ],
            [
              95.33641136100006,
              5.5534393310000212,
              0,
              null
            ],
            [
              95.336258737000037,
              5.553423674000058,
              0,
              null
            ],
            [
              95.336126091000082,
              5.5534133330000017,
              0,
              null
            ],
            [
              95.33600750100004,
              5.5534127000000382,
              0,
              null
            ],
            [
              95.335907710000043,
              5.5534160050000452,
              0,
              null
            ],
            [
              95.335858836000085,
              5.5534192630000483,
              0,
              null
            ],
            [
              95.335782919000025,
              5.553430211000066,
              0,
              null
            ],
            [
              95.335640241000121,
              5.5534522700000259,
              0,
              null
            ],
            [
              95.335631572000111,
              5.5534523950000363,
              0,
              null
            ],
            [
              95.335478976000005,
              5.553477792000006,
              0,
              null
            ],
            [
              95.335335120000096,
              5.5534984910000311,
              0,
              null
            ],
            [
              95.335198276000057,
              5.5535174090000865,
              0,
              null
            ],
            [
              95.335044895000067,
              5.5535430080000729,
              0,
              null
            ],
            [
              95.334894444000042,
              5.5535703580000266,
              0,
              null
            ],
            [
              95.334748524000048,
              5.5535845300000446,
              0,
              null
            ],
            [
              95.334624153000064,
              5.5536069230000322,
              0,
              null
            ],
            [
              95.33449140800009,
              5.5536289520000786,
              0,
              null
            ],
            [
              95.334394567000075,
              5.5536439509999873,
              0,
              null
            ],
            [
              95.334083137000064,
              5.5536963340000582,
              0,
              null
            ],
            [
              95.333968277000068,
              5.5537105180000772,
              0,
              null
            ],
            [
              95.333829193000014,
              5.5537287570000764,
              0,
              null
            ],
            [
              95.333721838000017,
              5.5537447650000686,
              0,
              null
            ],
            [
              95.33362431700003,
              5.553758700000067,
              0,
              null
            ],
            [
              95.333515805000019,
              5.5537766640000434,
              0,
              null
            ],
            [
              95.333385291000056,
              5.5537993710000571,
              0,
              null
            ],
            [
              95.333261108000087,
              5.5538192230001009,
              0,
              null
            ],
            [
              95.333131472000019,
              5.5538404710000826,
              0,
              null
            ],
            [
              95.333066840000086,
              5.5538468909999921,
              0,
              null
            ],
            [
              95.332963932000013,
              5.5538651320000803,
              0,
              null
            ],
            [
              95.332941145000078,
              5.5538700030000392,
              0,
              null
            ],
            [
              95.332788401000059,
              5.5538949040000567,
              0,
              null
            ],
            [
              95.332437932000104,
              5.5539534780000182,
              0,
              null
            ],
            [
              95.332227140000072,
              5.5539912350000336,
              0,
              null
            ],
            [
              95.332033107000086,
              5.5540165069999929,
              0,
              null
            ],
            [
              95.331924020000031,
              5.5540305139999973,
              0,
              null
            ],
            [
              95.331817064000063,
              5.5540425880001081,
              0,
              null
            ],
            [
              95.331701536000097,
              5.5540520560000033,
              0,
              null
            ],
            [
              95.331503895000083,
              5.5540797819999881,
              0,
              null
            ],
            [
              95.331367843000109,
              5.5541007020000315,
              0,
              null
            ],
            [
              95.331249205000063,
              5.554112939000067,
              0,
              null
            ],
            [
              95.331136802000088,
              5.5541302500000782,
              0,
              null
            ],
            [
              95.331018548000074,
              5.5541506930000821,
              0,
              null
            ],
            [
              95.330882560000106,
              5.5541763760000755,
              0,
              null
            ],
            [
              95.330804835000066,
              5.5541866900000407,
              0,
              null
            ],
            [
              95.330776604000036,
              5.5541697080000567,
              0,
              null
            ],
            [
              95.330754827000106,
              5.554128739000042,
              0,
              null
            ],
            [
              95.330740996000031,
              5.553954032000064,
              0,
              null
            ],
            [
              95.330693259000071,
              5.5535765530000063,
              0,
              null
            ],
            [
              95.330804426000029,
              5.5535687980000752,
              0,
              null
            ],
            [
              95.330983436000011,
              5.5535451690000741,
              0,
              null
            ],
            [
              95.331170182000008,
              5.5535066300000828,
              0,
              null
            ],
            [
              95.331358943000083,
              5.5534503760000469,
              0,
              null
            ],
            [
              95.331492853000057,
              5.5533987590000393,
              0,
              null
            ],
            [
              95.331640507000017,
              5.5533345590000565,
              0,
              null
            ],
            [
              95.33179640000013,
              5.5532616580000642,
              0,
              null
            ],
            [
              95.331955079000025,
              5.55318395600003,
              0,
              null
            ],
            [
              95.332111040000058,
              5.5531053330000972,
              0,
              null
            ],
            [
              95.332258829000111,
              5.5530296710000542,
              0,
              null
            ],
            [
              95.332405068000043,
              5.5529543490000393,
              0,
              null
            ],
            [
              95.332557579000053,
              5.5528749440000418,
              0,
              null
            ],
            [
              95.332712631999996,
              5.5527926910000751,
              0,
              null
            ],
            [
              95.33286650600003,
              5.5527088160000631,
              0,
              null
            ],
            [
              95.333015497000105,
              5.5526245350001062,
              0,
              null
            ],
            [
              95.333155875999992,
              5.5525410830000403,
              0,
              null
            ],
            [
              95.333295064000055,
              5.5524530980000435,
              0,
              null
            ],
            [
              95.33344011800007,
              5.5523564850000433,
              0,
              null
            ],
            [
              95.333586739000026,
              5.552254334000029,
              0,
              null
            ],
            [
              95.333730652000028,
              5.5521497260000778,
              0,
              null
            ],
            [
              95.333867567000084,
              5.552045760000091,
              0,
              null
            ],
            [
              95.333993211000092,
              5.5519455360000585,
              0,
              null
            ],
            [
              95.334113446000089,
              5.5518442130000238,
              0,
              null
            ],
            [
              95.334235331000045,
              5.5517377030000929,
              0,
              null
            ],
            [
              95.334356282000016,
              5.5516302210000816,
              0,
              null
            ],
            [
              95.334473754000058,
              5.5515259880000727,
              0,
              null
            ],
            [
              95.334585176000033,
              5.5514292010000581,
              0,
              null
            ],
            [
              95.334687991000109,
              5.5513440900000326,
              0,
              null
            ],
            [
              95.334838511000044,
              5.5512312570000226,
              0,
              null
            ],
            [
              95.334990328000075,
              5.5511292480000201,
              0,
              null
            ],
            [
              95.335133219000085,
              5.5510423510000244,
              0,
              null
            ],
            [
              95.33525699700003,
              5.5509748740000369,
              0,
              null
            ],
            [
              95.335403781000096,
              5.5509075850000649,
              0,
              null
            ],
            [
              95.335550534000063,
              5.5508530419999929,
              0,
              null
            ],
            [
              95.335700107000008,
              5.5508068940000825,
              0,
              null
            ],
            [
              95.335828624000072,
              5.5507719290000317,
              0,
              null
            ],
            [
              95.335981234000087,
              5.5507342390000218,
              0,
              null
            ],
            [
              95.336150338000039,
              5.5506969710000469,
              0,
              null
            ],
            [
              95.336328378000118,
              5.5506632660001003,
              0,
              null
            ],
            [
              95.336457519000064,
              5.5506425709999867,
              0,
              null
            ],
            [
              95.336600508000075,
              5.5506221010000694,
              0,
              null
            ],
            [
              95.336750592000058,
              5.5506025530000507,
              0,
              null
            ],
            [
              95.33690101600007,
              5.5505846030000754,
              0,
              null
            ],
            [
              95.337045043999993,
              5.550568929000022,
              0,
              null
            ],
            [
              95.337175912000077,
              5.5505562270000368,
              0,
              null
            ],
            [
              95.337358834000028,
              5.5505413670000507,
              0,
              null
            ],
            [
              95.337538966000096,
              5.5505282250000292,
              0,
              null
            ],
            [
              95.337712537000073,
              5.5505144050000403,
              0,
              null
            ],
            [
              95.337875767000071,
              5.550497552000067,
              0,
              null
            ],
            [
              95.338008056000007,
              5.5504791680000558,
              0,
              null
            ],
            [
              95.338149219000059,
              5.5504555050000519,
              0,
              null
            ],
            [
              95.338292108000061,
              5.55042781400007,
              0,
              null
            ],
            [
              95.338429546000071,
              5.5503973420000356,
              0,
              null
            ],
            [
              95.338554347000084,
              5.5503653470000529,
              0,
              null
            ],
            [
              95.338701432000093,
              5.5503197590000113,
              0,
              null
            ],
            [
              95.338849579000097,
              5.5502642340000357,
              0,
              null
            ],
            [
              95.338994522000093,
              5.5501993749999983,
              0,
              null
            ],
            [
              95.339131961000092,
              5.5501257950000387,
              0,
              null
            ],
            [
              95.339243802000027,
              5.5500555530000888,
              0,
              null
            ],
            [
              95.339364476000057,
              5.5499722240000331,
              0,
              null
            ],
            [
              95.339489195000084,
              5.5498803730000716,
              0,
              null
            ],
            [
              95.339613186000037,
              5.5497845470000478,
              0,
              null
            ],
            [
              95.339731640000068,
              5.5496893039999833,
              0,
              null
            ],
            [
              95.339851563000039,
              5.5495894550000706,
              0,
              null
            ],
            [
              95.339981502000043,
              5.5494782850000206,
              0,
              null
            ],
            [
              95.340118973000045,
              5.5493580010000159,
              0,
              null
            ],
            [
              95.340261486000031,
              5.5492308270000628,
              0,
              null
            ],
            [
              95.340406562000041,
              5.5490990060000804,
              0,
              null
            ],
            [
              95.34050265000009,
              5.5490104500000363,
              0,
              null
            ],
            [
              95.340606736000083,
              5.5489136010000166,
              0,
              null
            ],
            [
              95.340715392000021,
              5.5488115630001005,
              0,
              null
            ],
            [
              95.340825222000049,
              5.5487074140000097,
              0,
              null
            ],
            [
              95.340932809000066,
              5.5486042330000878,
              0,
              null
            ],
            [
              95.341034747000066,
              5.5485051230000586,
              0,
              null
            ],
            [
              95.341127629000113,
              5.5484131720000001,
              0,
              null
            ],
            [
              95.3412080290001,
              5.5483314570000779,
              0,
              null
            ],
            [
              95.34137934400006,
              5.5481440870000291,
              0,
              null
            ],
            [
              95.341506012000067,
              5.5479862890000291,
              0,
              null
            ],
            [
              95.341591388000026,
              5.547860019000062,
              0,
              null
            ],
            [
              95.341672648999989,
              5.5476877480000191,
              0,
              null
            ],
            [
              95.341720644000063,
              5.5474846060000864,
              0,
              null
            ],
            [
              95.341734844000072,
              5.547352300000064,
              0,
              null
            ],
            [
              95.341744748000096,
              5.5471895950000132,
              0,
              null
            ],
            [
              95.341749680000063,
              5.5470080900000944,
              0,
              null
            ],
            [
              95.341748953000007,
              5.5468193860000241,
              0,
              null
            ],
            [
              95.341744728000009,
              5.5466835910000682,
              0,
              null
            ],
            [
              95.341736731000054,
              5.546524826000077,
              0,
              null
            ],
            [
              95.341724451000104,
              5.5463390960000751,
              0,
              null
            ],
            [
              95.341707358000022,
              5.5461224170000882,
              0,
              null
            ],
            [
              95.341684913000037,
              5.545870815000054,
              0,
              null
            ],
            [
              95.341656603999994,
              5.5455802959999971,
              0,
              null
            ],
            [
              95.341645503000052,
              5.5454714650000518,
              0,
              null
            ],
            [
              95.341633264000023,
              5.5453533290000472,
              0,
              null
            ],
            [
              95.341620019000075,
              5.545227107000084,
              0,
              null
            ],
            [
              95.341605927000074,
              5.5450940359999983,
              0,
              null
            ],
            [
              95.341591135000087,
              5.5449553370000686,
              0,
              null
            ],
            [
              95.341575794000065,
              5.5448122290000406,
              0,
              null
            ],
            [
              95.341560034000096,
              5.5446659500000166,
              0,
              null
            ],
            [
              95.341544023000012,
              5.544517710000008,
              0,
              null
            ],
            [
              95.341527901000092,
              5.5443687480000285,
              0,
              null
            ],
            [
              95.341511808000092,
              5.5442202830000902,
              0,
              null
            ],
            [
              95.341495903000023,
              5.5440735430000281,
              0,
              null
            ],
            [
              95.341480333000064,
              5.5439297490000321,
              0,
              null
            ],
            [
              95.341465241000066,
              5.5437901380001158,
              0,
              null
            ],
            [
              95.341450774000108,
              5.543655921000024,
              0,
              null
            ],
            [
              95.341437073000037,
              5.5435283350000368,
              0,
              null
            ],
            [
              95.341424305000047,
              5.5434086010000776,
              0,
              null
            ],
            [
              95.341412601000059,
              5.5432979470000703,
              0,
              null
            ],
            [
              95.341402120000083,
              5.5431975920000269,
              0,
              null
            ],
            [
              95.341365705000086,
              5.5428301920000926,
              0,
              null
            ],
            [
              95.341342906000065,
              5.5425641650000195,
              0,
              null
            ],
            [
              95.341330772000035,
              5.5423740680001004,
              0,
              null
            ],
            [
              95.341326325000026,
              5.542234442000094,
              0,
              null
            ],
            [
              95.341327566000047,
              5.5420687430000619,
              0,
              null
            ],
            [
              95.34133354300009,
              5.5419120470000642,
              0,
              null
            ],
            [
              95.341341309000114,
              5.5417834719999952,
              0,
              null
            ],
            [
              95.341357541000036,
              5.5416284800000497,
              0,
              null
            ],
            [
              95.341395847000101,
              5.5414664760000569,
              0,
              null
            ],
            [
              95.341431672000041,
              5.5413639580000122,
              0,
              null
            ],
            [
              95.341481039000129,
              5.54123869900004,
              0,
              null
            ],
            [
              95.341540293000051,
              5.5410997700000912,
              0,
              null
            ],
            [
              95.341605781000055,
              5.5409562430000285,
              0,
              null
            ],
            [
              95.341665116000087,
              5.5408333759999877,
              0,
              null
            ],
            [
              95.341732172000036,
              5.5406986470000312,
              0,
              null
            ],
            [
              95.341802244000064,
              5.5405601630000305,
              0,
              null
            ],
            [
              95.341870638000032,
              5.5404260520000363,
              0,
              null
            ],
            [
              95.341932621000097,
              5.5403044130000971,
              0,
              null
            ],
            [
              95.342003979000054,
              5.5401625619999955,
              0,
              null
            ],
            [
              95.342073200000101,
              5.5400208819999968,
              0,
              null
            ],
            [
              95.342137599000097,
              5.5398826190000143,
              0,
              null
            ],
            [
              95.342194491000001,
              5.5397509940000482,
              0,
              null
            ],
            [
              95.34224764700005,
              5.5396145570000392,
              0,
              null
            ],
            [
              95.34230044300007,
              5.5394668140000718,
              0,
              null
            ],
            [
              95.342349655000049,
              5.5393183980000487,
              0,
              null
            ],
            [
              95.342392032000092,
              5.5391799240000488,
              0,
              null
            ],
            [
              95.3424295760001,
              5.5390442180001003,
              0,
              null
            ],
            [
              95.342466319000025,
              5.5388976770000546,
              0,
              null
            ],
            [
              95.342502058000051,
              5.5387413870000906,
              0,
              null
            ],
            [
              95.342536591000069,
              5.5385764150000298,
              0,
              null
            ],
            [
              95.34256064500002,
              5.5384537330000043,
              0,
              null
            ],
            [
              95.342587351000091,
              5.5383150320000745,
              0,
              null
            ],
            [
              95.342616220000082,
              5.5381664710000393,
              0,
              null
            ],
            [
              95.342646761000125,
              5.5380141780000507,
              0,
              null
            ],
            [
              95.34267848399999,
              5.5378643039999957,
              0,
              null
            ],
            [
              95.342710918000108,
              5.5377229770000262,
              0,
              null
            ],
            [
              95.342753690000094,
              5.5375565270000209,
              0,
              null
            ],
            [
              95.342802020000093,
              5.5373858330000196,
              0,
              null
            ],
            [
              95.342853338000069,
              5.5372178840000679,
              0,
              null
            ],
            [
              95.342905082000087,
              5.5370596600000326,
              0,
              null
            ],
            [
              95.342954664000018,
              5.5369181570000485,
              0,
              null
            ],
            [
              95.343018181000033,
              5.5367529260000552,
              0,
              null
            ],
            [
              95.343090347000057,
              5.5365850670000221,
              0,
              null
            ],
            [
              95.343172313000082,
              5.5364157850000488,
              0,
              null
            ],
            [
              95.343265231000046,
              5.5362462800000571,
              0,
              null
            ],
            [
              95.343338466000063,
              5.5361254190000047,
              0,
              null
            ],
            [
              95.343423356000073,
              5.5359929340000562,
              0,
              null
            ],
            [
              95.343515218000036,
              5.5358555390000568,
              0,
              null
            ],
            [
              95.343609352000016,
              5.5357199880000323,
              0,
              null
            ],
            [
              95.343701074000052,
              5.5355930070000063,
              0,
              null
            ],
            [
              95.343785703000037,
              5.5354813300000032,
              0,
              null
            ],
            [
              95.343906062000045,
              5.5353347210000408,
              0,
              null
            ],
            [
              95.344026412000062,
              5.5352017330000507,
              0,
              null
            ],
            [
              95.344143441000057,
              5.5350846130000413,
              0,
              null
            ],
            [
              95.344253839000046,
              5.5349855700000177,
              0,
              null
            ],
            [
              95.344367440000028,
              5.534895815000052,
              0,
              null
            ],
            [
              95.344455660000051,
              5.5348336950000636,
              0,
              null
            ],
            [
              95.344628205000021,
              5.5347221030000675,
              0,
              null
            ],
            [
              95.344767327000071,
              5.5346440700000947,
              0,
              null
            ],
            [
              95.34488944900005,
              5.5345830800000222,
              0,
              null
            ],
            [
              95.345026792000056,
              5.5345204650000817,
              0,
              null
            ],
            [
              95.345171910000062,
              5.5344601070000614,
              0,
              null
            ],
            [
              95.345317333000111,
              5.5344058760000152,
              0,
              null
            ],
            [
              95.345455604999998,
              5.5343616440000858,
              0,
              null
            ],
            [
              95.345628101000059,
              5.5343192460000417,
              0,
              null
            ],
            [
              95.345807098000037,
              5.5342873799999808,
              0,
              null
            ],
            [
              95.345980610000097,
              5.534266735000049,
              0,
              null
            ],
            [
              95.346136667000039,
              5.534258027000039,
              0,
              null
            ],
            [
              95.346282407000018,
              5.5342615720000659,
              0,
              null
            ],
            [
              95.346429793000055,
              5.534277349000039,
              0,
              null
            ],
            [
              95.34657404299999,
              5.5343055940000667,
              0,
              null
            ],
            [
              95.346710404000092,
              5.534346534000079,
              0,
              null
            ],
            [
              95.346849506000055,
              5.5344050350000344,
              0,
              null
            ],
            [
              95.346998174000092,
              5.5344809070000061,
              0,
              null
            ],
            [
              95.347145917000063,
              5.5345667430000027,
              0,
              null
            ],
            [
              95.347282241000059,
              5.5346551460000342,
              0,
              null
            ],
            [
              95.347413021000051,
              5.5347492660000945,
              0,
              null
            ],
            [
              95.347545977000038,
              5.5348507990000577,
              0,
              null
            ],
            [
              95.347673440000008,
              5.5349501650000192,
              0,
              null
            ],
            [
              95.347787722000049,
              5.5350378150000772,
              0,
              null
            ],
            [
              95.347931117000101,
              5.5351396760000675,
              0,
              null
            ],
            [
              95.348074611000072,
              5.5352297870000626,
              0,
              null
            ],
            [
              95.348208668000069,
              5.5352993340000438,
              0,
              null
            ],
            [
              95.348344160000082,
              5.5353507080000313,
              0,
              null
            ],
            [
              95.348489370000024,
              5.5353935740000253,
              0,
              null
            ],
            [
              95.348630937000095,
              5.5354300360000224,
              0,
              null
            ],
            [
              95.348777113000025,
              5.5354661550000799,
              0,
              null
            ],
            [
              95.348932468000086,
              5.5355011250000423,
              0,
              null
            ],
            [
              95.349078115000054,
              5.5355267880000341,
              0,
              null
            ],
            [
              95.349220015000071,
              5.535540019000063,
              0,
              null
            ],
            [
              95.349373937000024,
              5.5355457000000889,
              0,
              null
            ],
            [
              95.34953567400008,
              5.5355476610000736,
              0,
              null
            ],
            [
              95.349672483000035,
              5.5355486100000633,
              0,
              null
            ],
            [
              95.349825362000075,
              5.5355484290000483,
              0,
              null
            ],
            [
              95.349977536000054,
              5.5355456560000853,
              0,
              null
            ],
            [
              95.350112248000087,
              5.5355388300000534,
              0,
              null
            ],
            [
              95.350268856000085,
              5.5355187569999913,
              0,
              null
            ],
            [
              95.350416732000056,
              5.5354807770000463,
              0,
              null
            ],
            [
              95.350554527,
              5.5354209340000686,
              0,
              null
            ],
            [
              95.350663241000035,
              5.5353526210001007,
              0,
              null
            ],
            [
              95.350792208000129,
              5.535255022000019,
              0,
              null
            ],
            [
              95.350943319000109,
              5.5351269369999905,
              0,
              null
            ],
            [
              95.351118481000043,
              5.5349671380000913,
              0,
              null
            ],
            [
              95.351199080000043,
              5.5348909450000043,
              0,
              null
            ],
            [
              95.351289248000043,
              5.5348047540000671,
              0,
              null
            ],
            [
              95.351386881000039,
              5.5347108860000276,
              0,
              null
            ],
            [
              95.351489879000042,
              5.5346116540000772,
              0,
              null
            ],
            [
              95.351596149000031,
              5.5345093730000521,
              0,
              null
            ],
            [
              95.351703579000045,
              5.5344063720000563,
              0,
              null
            ],
            [
              95.351810078000057,
              5.5343049480000133,
              0,
              null
            ],
            [
              95.351913552000013,
              5.534207432000116,
              0,
              null
            ],
            [
              95.352011899000061,
              5.5341161290000223,
              0,
              null
            ],
            [
              95.352103018000051,
              5.5340333680000136,
              0,
              null
            ],
            [
              95.352246481000108,
              5.533908251000053,
              0,
              null
            ],
            [
              95.352386228000043,
              5.5337925400000714,
              0,
              null
            ],
            [
              95.352520360000128,
              5.5336870750000493,
              0,
              null
            ],
            [
              95.352646958000022,
              5.5335927120000576,
              0,
              null
            ],
            [
              95.352695388000129,
              5.5335586370000804,
              0,
              null
            ],
            [
              95.352816961000059,
              5.5336890070000315,
              0,
              null
            ],
            [
              95.35324921000003,
              5.5344023960000825,
              0,
              null
            ],
            [
              95.353423892000094,
              5.5346529310000285,
              0,
              null
            ],
            [
              95.353646812000065,
              5.5349130350000557,
              0,
              null
            ],
            [
              95.353840682000026,
              5.5351248160000814,
              0,
              null
            ],
            [
              95.353927027000069,
              5.5352697010000789,
              0,
              null
            ],
            [
              95.353927726000038,
              5.5354463730000418,
              0,
              null
            ],
            [
              95.353898963000063,
              5.5356231620000145,
              0,
              null
            ],
            [
              95.353935506000056,
              5.5357390500000996,
              0,
              null
            ],
            [
              95.353929062000063,
              5.5358020680000735,
              0,
              null
            ],
            [
              95.353886403999994,
              5.5360397350000206,
              0,
              null
            ],
            [
              95.353863982000092,
              5.5362005000000885,
              0,
              null
            ],
            [
              95.35385842400008,
              5.5362798659999939,
              0,
              null
            ],
            [
              95.353851694000056,
              5.5365170290000769,
              0,
              null
            ],
            [
              95.353849222000022,
              5.536605692000041,
              0,
              null
            ],
            [
              95.35384753200006,
              5.5367235400000219,
              0,
              null
            ],
            [
              95.353853101000084,
              5.536872452000086,
              0,
              null
            ],
            [
              95.353855536000111,
              5.536997514000042,
              0,
              null
            ],
            [
              95.353868691000045,
              5.5372579090000933,
              0,
              null
            ],
            [
              95.353885753000029,
              5.5374342450000285,
              0,
              null
            ],
            [
              95.353910255000102,
              5.5375916690000864,
              0,
              null
            ],
            [
              95.35394055600004,
              5.5377305400000303,
              0,
              null
            ],
            [
              95.353988135000066,
              5.5379860980000366,
              0,
              null
            ],
            [
              95.354001755000041,
              5.5381565730000197,
              0,
              null
            ],
            [
              95.354010145000103,
              5.5383024910000138,
              0,
              null
            ],
            [
              95.354022318000048,
              5.5384285080000488,
              0,
              null
            ],
            [
              95.354043837000049,
              5.538659593000073,
              0,
              null
            ],
            [
              95.354072896000062,
              5.5389333930000788,
              0,
              null
            ],
            [
              95.354084937000081,
              5.5390239790000244,
              0,
              null
            ],
            [
              95.354091495000006,
              5.5390854080000445,
              0,
              null
            ],
            [
              95.354095598000072,
              5.5393128560000342,
              0,
              null
            ],
            [
              95.354090540000101,
              5.5394821390000075,
              0,
              null
            ],
            [
              95.354080008000025,
              5.5396770240000563,
              0,
              null
            ],
            [
              95.354069874000075,
              5.5398036730000548,
              0,
              null
            ],
            [
              95.354055821000074,
              5.5399748900000105,
              0,
              null
            ],
            [
              95.354050586000085,
              5.5400811900000129,
              0,
              null
            ],
            [
              95.354044360000003,
              5.5402563530001174,
              0,
              null
            ],
            [
              95.354030554000104,
              5.5405264370000822,
              0,
              null
            ],
            [
              95.354024185000114,
              5.5407016910000166,
              0,
              null
            ],
            [
              95.354016290000089,
              5.5408879780000646,
              0,
              null
            ],
            [
              95.354008859000004,
              5.5410775990000332,
              0,
              null
            ],
            [
              95.35400266000002,
              5.5412594510000694,
              0,
              null
            ],
            [
              95.353997560000039,
              5.5413974690000316,
              0,
              null
            ],
            [
              95.353992808000001,
              5.5415142430000124,
              0,
              null
            ],
            [
              95.353986323000086,
              5.5418856970000157,
              0,
              null
            ],
            [
              95.353968214000105,
              5.5421216390000865,
              0,
              null
            ],
            [
              95.353936887000003,
              5.5422681580000415,
              0,
              null
            ],
            [
              95.353928296000092,
              5.5423356140000273,
              0,
              null
            ],
            [
              95.353917047000039,
              5.5424245840000168,
              0,
              null
            ],
            [
              95.353907869000082,
              5.5425853859999989,
              0,
              null
            ],
            [
              95.35390230700007,
              5.5427207840000108,
              0,
              null
            ],
            [
              95.353886001000049,
              5.5429427100000765,
              0,
              null
            ],
            [
              95.353863322000038,
              5.543152015000075,
              0,
              null
            ],
            [
              95.353863835000084,
              5.5432814230000353,
              0,
              null
            ],
            [
              95.353894557000046,
              5.5433760110000456,
              0,
              null
            ],
            [
              95.353930987000041,
              5.5434450860000766,
              0,
              null
            ],
            [
              95.353995506000047,
              5.5435268850000945,
              0,
              null
            ],
            [
              95.354055530000039,
              5.5436193670001082,
              0,
              null
            ],
            [
              95.354087994000068,
              5.5437030110000123,
              0,
              null
            ],
            [
              95.354103273000092,
              5.5438022690000537,
              0,
              null
            ],
            [
              95.354103594000023,
              5.543883420000018,
              0,
              null
            ],
            [
              95.354097594000066,
              5.5439650470000217,
              0,
              null
            ],
            [
              95.354090557000106,
              5.5440285190000331,
              0,
              null
            ],
            [
              95.354084105000098,
              5.5442601670001039,
              0,
              null
            ],
            [
              95.354086361000014,
              5.5444151400000479,
              0,
              null
            ],
            [
              95.354091091000058,
              5.5444637410000723,
              0,
              null
            ],
            [
              95.354110555000062,
              5.5445151770000649,
              0,
              null
            ],
            [
              95.354119325000084,
              5.5445882479999824,
              0,
              null
            ],
            [
              95.354113672000054,
              5.5447369340000279,
              0,
              null
            ],
            [
              95.354114063000097,
              5.5448355290001032,
              0,
              null
            ],
            [
              95.354117988000056,
              5.5451134870000089,
              0,
              null
            ],
            [
              95.354118937000052,
              5.5453527890000913,
              0,
              null
            ],
            [
              95.35413474400012,
              5.5454944289999979,
              0,
              null
            ],
            [
              95.354232599000042,
              5.5454835550000752,
              0,
              null
            ],
            [
              95.354351281000092,
              5.5454173780000175,
              0,
              null
            ],
            [
              95.354399233000066,
              5.5453910740000616,
              0,
              null
            ],
            [
              95.354606971000109,
              5.5452541480000122,
              0,
              null
            ],
            [
              95.35479836100005,
              5.5451190040001102,
              0,
              null
            ],
            [
              95.354869643000086,
              5.5450682020000812,
              0,
              null
            ],
            [
              95.354918430000026,
              5.5450273419999867,
              0,
              null
            ],
            [
              95.354992919000068,
              5.5449980390000491,
              0,
              null
            ],
            [
              95.355061177000024,
              5.5449885870000664,
              0,
              null
            ],
            [
              95.355326195000018,
              5.5449518860000495,
              0,
              null
            ],
            [
              95.35618975900006,
              5.5449283340000548,
              0,
              null
            ],
            [
              95.357273715000048,
              5.5447698150000839,
              0,
              null
            ],
            [
              95.358384664000127,
              5.5446648220001009,
              0,
              null
            ],
            [
              95.35834786400001,
              5.5459855150000408,
              0,
              null
            ],
            [
              95.359076930000114,
              5.5459921720000587,
              0,
              null
            ],
            [
              95.359085170000085,
              5.546147778000055,
              0,
              null
            ],
            [
              95.358981941000067,
              5.5466507370000144,
              0,
              null
            ],
            [
              95.35896440700013,
              5.5468210240000708,
              0,
              null
            ],
            [
              95.359203264000087,
              5.546840333999981,
              0,
              null
            ],
            [
              95.359236143000061,
              5.5471340220000336,
              0,
              null
            ],
            [
              95.3594480820001,
              5.5472047500000237,
              0,
              null
            ],
            [
              95.35951230100008,
              5.5474848100001033,
              0,
              null
            ],
            [
              95.360089882000082,
              5.5475031580000227,
              0,
              null
            ],
            [
              95.360273926000033,
              5.5482422270000669,
              0,
              null
            ],
            [
              95.360495282000059,
              5.5485058230000277,
              0,
              null
            ],
            [
              95.360695314000083,
              5.5489019920000331,
              0,
              null
            ],
            [
              95.36067742100002,
              5.549993017000066,
              0,
              null
            ],
            [
              95.360357990000068,
              5.5499749800000835,
              0,
              null
            ],
            [
              95.360098349000069,
              5.5505944780000931,
              0,
              null
            ],
            [
              95.360062294000016,
              5.5507697600000299,
              0,
              null
            ],
            [
              95.360005762000057,
              5.5510700220000047,
              0,
              null
            ],
            [
              95.359980399000079,
              5.551164380999996,
              0,
              null
            ],
            [
              95.359959533000051,
              5.5512844740000737,
              0,
              null
            ],
            [
              95.35994279500008,
              5.5513787980000622,
              0,
              null
            ],
            [
              95.359908983000125,
              5.5514989420000553,
              0,
              null
            ],
            [
              95.359900858000074,
              5.5516061580000446,
              0,
              null
            ],
            [
              95.359893329000073,
              5.5518656400001092,
              0,
              null
            ],
            [
              95.359881096000038,
              5.5520242850000905,
              0,
              null
            ],
            [
              95.359890262000093,
              5.5521785150000618,
              0,
              null
            ],
            [
              95.359895188000053,
              5.5523328430000412,
              0,
              null
            ],
            [
              95.359895546000075,
              5.5524227610000203,
              0,
              null
            ],
            [
              95.359878728000112,
              5.5525128370000125,
              0,
              null
            ],
            [
              95.359840399000049,
              5.5525473290000242,
              0,
              null
            ],
            [
              95.359741987000078,
              5.5525477220000568,
              0,
              null
            ],
            [
              95.35962700400006,
              5.5525527010000246,
              0,
              null
            ],
            [
              95.359571880000033,
              5.5525698240000203,
              0,
              null
            ],
            [
              95.359505477000042,
              5.5525771400000039,
              0,
              null
            ],
            [
              95.359482129000071,
              5.5526358770000677,
              0,
              null
            ],
            [
              95.359485960000114,
              5.5527372600001073,
              0,
              null
            ],
            [
              95.359482185000076,
              5.5528744580000904,
              0,
              null
            ],
            [
              95.359482492000012,
              5.5529516310000808,
              0,
              null
            ],
            [
              95.359491394000031,
              5.5530372660000609,
              0,
              null
            ],
            [
              95.359500236000059,
              5.5531100750000455,
              0,
              null
            ],
            [
              95.359500679000092,
              5.5532214960000275,
              0,
              null
            ],
            [
              95.359457576000082,
              5.5534753440000699,
              0,
              null
            ],
            [
              95.359430572000065,
              5.5535676309999786,
              0,
              null
            ],
            [
              95.359396057000055,
              5.5536425020000451,
              0,
              null
            ],
            [
              95.359366463000086,
              5.5537206980000313,
              0,
              null
            ],
            [
              95.359331921000077,
              5.5537889809999967,
              0,
              null
            ],
            [
              95.359290732000048,
              5.5538505910000318,
              0,
              null
            ],
            [
              95.359250318000079,
              5.55390316900003,
              0,
              null
            ],
            [
              95.359207267000059,
              5.5539435550000853,
              0,
              null
            ],
            [
              95.359149795000107,
              5.5539895130000687,
              0,
              null
            ],
            [
              95.359103802000035,
              5.5540207810000801,
              0,
              null
            ],
            [
              95.359031614000102,
              5.5540706840000347,
              0,
              null
            ],
            [
              95.358924563000031,
              5.5541422390000044,
              0,
              null
            ],
            [
              95.358872459000068,
              5.5541722660000019,
              0,
              null
            ],
            [
              95.358811065000054,
              5.5542212220000557,
              0,
              null
            ],
            [
              95.358778513000033,
              5.5542681650000318,
              0,
              null
            ],
            [
              95.358709563000005,
              5.5543632400000824,
              0,
              null
            ],
            [
              95.358674412000113,
              5.5544076620001164,
              0,
              null
            ],
            [
              95.358586218000099,
              5.5545839650000488,
              0,
              null
            ],
            [
              95.358513527000042,
              5.5547502640000417,
              0,
              null
            ],
            [
              95.358497121000099,
              5.5548144960000272,
              0,
              null
            ],
            [
              95.358529135000083,
              5.5548387650000812,
              0,
              null
            ],
            [
              95.358608109000045,
              5.5548891479999867,
              0,
              null
            ],
            [
              95.35862928900012,
              5.5549624010000969,
              0,
              null
            ],
            [
              95.358616908000073,
              5.5550033190000185,
              0,
              null
            ],
            [
              95.358385645000027,
              5.5556049510000598,
              0,
              null
            ],
            [
              95.358347381000058,
              5.555704495000036,
              0,
              null
            ],
            [
              95.35824860600006,
              5.5558087370000457,
              0,
              null
            ],
            [
              95.358187117000028,
              5.5559175579999902,
              0,
              null
            ],
            [
              95.358118647000055,
              5.5560405070000378,
              0,
              null
            ],
            [
              95.35804304600002,
              5.5561395140000585,
              0,
              null
            ],
            [
              95.357980037000047,
              5.5562201400000681,
              0,
              null
            ],
            [
              95.357915705000053,
              5.5563219210000518,
              0,
              null
            ],
            [
              95.357855589000053,
              5.5564222760000064,
              0,
              null
            ],
            [
              95.357782701000062,
              5.5564958910000577,
              0,
              null
            ],
            [
              95.357713917000055,
              5.5565398780000557,
              0,
              null
            ],
            [
              95.357632506000058,
              5.5565937860000751,
              0,
              null
            ],
            [
              95.357523000000057,
              5.556660496000088,
              0,
              null
            ],
            [
              95.357361429000022,
              5.5567288250000573,
              0,
              null
            ],
            [
              95.357208425000053,
              5.5568281410000147,
              0,
              null
            ],
            [
              95.357097668000037,
              5.5569343380000973,
              0,
              null
            ],
            [
              95.357051648000052,
              5.5570402770000698,
              0,
              null
            ],
            [
              95.357050734000069,
              5.5571643670000341,
              0,
              null
            ],
            [
              95.357079306000031,
              5.5572714180000098,
              0,
              null
            ],
            [
              95.357162977000115,
              5.5574318320000486,
              0,
              null
            ],
            [
              95.357222628000073,
              5.557568370000066,
              0,
              null
            ],
            [
              95.357289322,
              5.55770629000002,
              0,
              null
            ],
            [
              95.357350414000081,
              5.5578512830000264,
              0,
              null
            ],
            [
              95.357382060000035,
              5.5580231850000388,
              0,
              null
            ],
            [
              95.357384208000042,
              5.5582093050000729,
              0,
              null
            ],
            [
              95.357344249000022,
              5.5585074780000525,
              0,
              null
            ],
            [
              95.357336144000058,
              5.5585679529999936,
              0,
              null
            ],
            [
              95.357249904000113,
              5.5587639990000497,
              0,
              null
            ],
            [
              95.357183962000079,
              5.5588150250000972,
              0,
              null
            ],
            [
              95.357122096000111,
              5.5588293730000409,
              0,
              null
            ],
            [
              95.356973033000031,
              5.5588581690001142,
              0,
              null
            ],
            [
              95.356793032000056,
              5.5588927300000428,
              0,
              null
            ],
            [
              95.356714200000027,
              5.5588874050000463,
              0,
              null
            ],
            [
              95.356636617999996,
              5.5588425930000689,
              0,
              null
            ],
            [
              95.356574416000086,
              5.5587723380000291,
              0,
              null
            ],
            [
              95.356520629000087,
              5.5586949990000249,
              0,
              null
            ],
            [
              95.356423205000013,
              5.5586150140000683,
              0,
              null
            ],
            [
              95.356337123000088,
              5.5585561350000816,
              0,
              null
            ],
            [
              95.356239660000099,
              5.5584662790001076,
              0,
              null
            ],
            [
              95.356119612000029,
              5.5583595939999846,
              0,
              null
            ],
            [
              95.355901607000106,
              5.5580389680001012,
              0,
              null
            ],
            [
              95.355839332000116,
              5.5579503820000546,
              0,
              null
            ],
            [
              95.355794175000099,
              5.5579195410000786,
              0,
              null
            ],
            [
              95.355716649000087,
              5.5578888290000243,
              0,
              null
            ],
            [
              95.355575823000066,
              5.5578654200000415,
              0,
              null
            ],
            [
              95.355457575000059,
              5.5578574320000911,
              0,
              null
            ],
            [
              95.355297164000021,
              5.557863711999989,
              0,
              null
            ],
            [
              95.354819109000076,
              5.557974196000071,
              0,
              null
            ],
            [
              95.354675597000011,
              5.5579832290000191,
              0,
              null
            ],
            [
              95.354540467000021,
              5.5579767170000132,
              0,
              null
            ],
            [
              95.354416494000063,
              5.5579447800000352,
              0,
              null
            ],
            [
              95.354345977000008,
              5.5579069900000171,
              0,
              null
            ],
            [
              95.354251434999995,
              5.5578439140000384,
              0,
              null
            ],
            [
              95.354156848000073,
              5.5577695570000145,
              0,
              null
            ],
            [
              95.354063792000019,
              5.55772621600007,
              0,
              null
            ],
            [
              95.353977951000019,
              5.5577279690000374,
              0,
              null
            ],
            [
              95.353887973000042,
              5.5577508890000686,
              0,
              null
            ],
            [
              95.353767213000083,
              5.5578190540000243,
              0,
              null
            ],
            [
              95.353642292000046,
              5.5579027470001101,
              0,
              null
            ],
            [
              95.353558094000007,
              5.5579637160000921,
              0,
              null
            ],
            [
              95.353465419000074,
              5.5580162580000874,
              0,
              null
            ],
            [
              95.353385348000103,
              5.5580532390000386,
              0,
              null
            ],
            [
              95.353315223000081,
              5.5581141520000159,
              0,
              null
            ],
            [
              95.353285921000051,
              5.5581777220000355,
              0,
              null
            ],
            [
              95.353282857000067,
              5.5581902140000032,
              0,
              null
            ],
            [
              95.353263763000086,
              5.5582680550000489,
              0,
              null
            ],
            [
              95.353285461000013,
              5.5584160260000353,
              0,
              null
            ],
            [
              95.353357794000047,
              5.5585567450000433,
              0,
              null
            ],
            [
              95.353459799000049,
              5.5587269570000046,
              0,
              null
            ],
            [
              95.353585756000072,
              5.5589041230000085,
              0,
              null
            ],
            [
              95.353701778000087,
              5.5590601780000419,
              0,
              null
            ],
            [
              95.353779886000069,
              5.5592375360000617,
              0,
              null
            ],
            [
              95.353787472000064,
              5.5593756930000353,
              0,
              null
            ],
            [
              95.353752810000046,
              5.5595069680000613,
              0,
              null
            ],
            [
              95.353705342000112,
              5.5596030420000169,
              0,
              null
            ],
            [
              95.353633939000062,
              5.5596963910000134,
              0,
              null
            ],
            [
              95.353513358000043,
              5.559809678000061,
              0,
              null
            ],
            [
              95.353388476000092,
              5.5599032409999865,
              0,
              null
            ],
            [
              95.353263707000082,
              5.5600250050000248,
              0,
              null
            ],
            [
              95.353188216000049,
              5.5601522130000696,
              0,
              null
            ],
            [
              95.353118511000048,
              5.5603188800000929,
              0,
              null
            ],
            [
              95.353071890000109,
              5.5604480280000317,
              0,
              null
            ]
          ]
        ]
      },
      "properties" : {
        "FID" : 0,
        "KDPPUM" : " ",
        "NAMOBJ" : "ULEEKARENG",
        "REMARK" : "Wilayah Administrasi Kecamatan",
        "KDPBPS" : " ",
        "FCODE" : " ",
        "LUASWH" : 0,
        "UUPP" : " ",
        "SRS_ID" : " ",
        "LCODE" : "BA0080",
        "METADATA" : " ",
        "KDEBPS" : " ",
        "KDEPUM" : " ",
        "KDCBPS" : " ",
        "KDCPUM" : " ",
        "KDBBPS" : " ",
        "KDBPUM" : " ",
        "WADMKD" : " ",
        "WIADKD" : " ",
        "WADMKC" : " ",
        "WIADKC" : " ",
        "WADMKK" : "BANDA ACEH",
        "WIADKK" : " ",
        "WADMPR" : "ACEH",
        "WIADPR" : " ",
        "TIPADM" : 0,
        "Shape_Leng" : 0.108523614977,
        "Shape_Area" : 0.00041618521630599998
      }
    }
  ]
}